interaction_id,source,target,weight,book
1,Addam-Marbrand,Gyles-Rosby,3,3
2,Addam-Marbrand,Jaime-Lannister,3,3
3,Addam-Marbrand,Jalabhar-Xho,3,3
4,Addam-Marbrand,Joffrey-Baratheon,3,3
5,Addam-Marbrand,Kevan-Lannister,3,3
6,Addam-Marbrand,Oberyn-Martell,3,3
7,Addam-Marbrand,Tyrion-Lannister,7,3
8,Addam-Marbrand,Varys,4,3
9,Aegon-Frey-(son-of-Stevron),Catelyn-Stark,4,3
10,Aegon-Frey-(son-of-Stevron),Robb-Stark,5,3
11,Aegon-Frey-(son-of-Stevron),Stevron-Frey,3,3
12,Aegon-Frey-(son-of-Stevron),Walder-Frey,6,3
13,Aegon-I-Targaryen,Daenerys-Targaryen,4,3
14,Aegon-I-Targaryen,Stannis-Baratheon,4,3
15,Aegon-I-Targaryen,Torrhen-Stark,3,3
16,Aegon-Targaryen-(son-of-Rhaegar),Elia-Martell,3,3
17,Aemon-Targaryen-(Dragonknight),Jaime-Lannister,3,3
18,Aemon-Targaryen-(Maester-Aemon),Alliser-Thorne,3,3
19,Aemon-Targaryen-(Maester-Aemon),Clydas,16,3
20,Aemon-Targaryen-(Maester-Aemon),Cotter-Pyke,3,3
21,Aemon-Targaryen-(Maester-Aemon),Denys-Mallister,4,3
22,Aemon-Targaryen-(Maester-Aemon),Donal-Noye,11,3
23,Aemon-Targaryen-(Maester-Aemon),Eddison-Tollett,3,3
24,Aemon-Targaryen-(Maester-Aemon),Grenn,5,3
25,Aemon-Targaryen-(Maester-Aemon),Hobb,3,3
26,Aemon-Targaryen-(Maester-Aemon),Janos-Slynt,5,3
27,Aemon-Targaryen-(Maester-Aemon),Jeor-Mormont,3,3
28,Aemon-Targaryen-(Maester-Aemon),Jon-Snow,36,3
29,Aemon-Targaryen-(Maester-Aemon),Mance-Rayder,5,3
30,Aemon-Targaryen-(Maester-Aemon),Owen,3,3
31,Aemon-Targaryen-(Maester-Aemon),Pypar,5,3
32,Aemon-Targaryen-(Maester-Aemon),Robert-Baratheon,5,3
33,Aemon-Targaryen-(Maester-Aemon),Samwell-Tarly,32,3
34,Aemon-Targaryen-(Maester-Aemon),Stannis-Baratheon,9,3
35,Aemon-Targaryen-(Maester-Aemon),Wynton-Stout,3,3
36,Aerys-II-Targaryen,Arthur-Dayne,5,3
37,Aerys-II-Targaryen,Brienne-of-Tarth,3,3
38,Aerys-II-Targaryen,Jaime-Lannister,22,3
39,Aerys-II-Targaryen,Joffrey-Baratheon,6,3
40,Aerys-II-Targaryen,Robert-Baratheon,9,3
41,Aerys-II-Targaryen,Rossart,4,3
42,Aerys-II-Targaryen,Tyrion-Lannister,6,3
43,Aerys-II-Targaryen,Tywin-Lannister,10,3
44,Aerys-II-Targaryen,Viserys-Targaryen,3,3
45,Aggo,Jhogo,4,3
46,Aggo,Rakharo,3,3
47,Alayaya,Bronn,3,3
48,Alayaya,Cersei-Lannister,3,3
49,Alayaya,Tyrion-Lannister,4,3
50,Alerie-Hightower,Mace-Tyrell,3,3
51,Alerie-Hightower,Margaery-Tyrell,3,3
52,Alester-Florent,Axell-Florent,4,3
53,Alester-Florent,Davos-Seaworth,11,3
54,Alester-Florent,Lamprey,3,3
55,Alester-Florent,Selyse-Florent,4,3
56,Alester-Florent,Stannis-Baratheon,4,3
57,Alla-Tyrell,Elinor-Tyrell,5,3
58,Alla-Tyrell,Megga-Tyrell,6,3
59,Alla-Tyrell,Sansa-Stark,4,3
60,Alliser-Thorne,Janos-Slynt,13,3
61,Alliser-Thorne,Jon-Snow,22,3
62,Alliser-Thorne,Mance-Rayder,6,3
63,Alliser-Thorne,Qhorin-Halfhand,4,3
64,Alliser-Thorne,Samwell-Tarly,4,3
65,Alliser-Thorne,Stannis-Baratheon,3,3
66,Amory-Lorch,Gregor-Clegane,3,3
67,Amory-Lorch,Jaime-Lannister,3,3
68,Amory-Lorch,Oberyn-Martell,6,3
69,Amory-Lorch,Tywin-Lannister,4,3
70,Amory-Lorch,Vargo-Hoat,3,3
71,Anders-Yronwood,Oberyn-Martell,3,3
72,Andrew-Estermont,Davos-Seaworth,4,3
73,Andrew-Estermont,Edric-Storm,4,3
74,Andrew-Estermont,Gerald-Gower,3,3
75,Anguy,Arya-Stark,15,3
76,Anguy,Beric-Dondarrion,4,3
77,Anguy,Greenbeard,9,3
78,Anguy,Harwin,7,3
79,Anguy,Husband,3,3
80,Anguy,Lem,22,3
81,Anguy,Sandor-Clegane,3,3
82,Anguy,Sharna,6,3
83,Anguy,Tom-of-Sevenstreams,12,3
84,Arson,Jon-Snow,3,3
85,Arstan,Belwas,25,3
86,Arstan,Daenerys-Targaryen,29,3
87,Arstan,Illyrio-Mopatis,3,3
88,Arstan,Jhiqui,3,3
89,Arstan,Jorah-Mormont,13,3
90,Arstan,Kraznys-mo-Nakloz,3,3
91,Arstan,Mero,7,3
92,Arstan,Rhaegar-Targaryen,7,3
93,Arthur-Dayne,Gerold-Hightower,5,3
94,Arthur-Dayne,Lewyn-Martell,3,3
95,Arthur-Dayne,Rhaegar-Targaryen,3,3
96,Arthur-Dayne,Smiling-Knight,4,3
97,Arya-Stark,Beric-Dondarrion,23,3
98,Arya-Stark,Bran-Stark,9,3
99,Arya-Stark,Brynden-Tully,4,3
100,Arya-Stark,Catelyn-Stark,3,3
101,Arya-Stark,Cersei-Lannister,6,3
102,Arya-Stark,Dunsen,3,3
103,Arya-Stark,Eddard-Stark,6,3
104,Arya-Stark,Elmar-Frey,4,3
105,Arya-Stark,Gendry,46,3
106,Arya-Stark,Greenbeard,9,3
107,Arya-Stark,Gregor-Clegane,6,3
108,Arya-Stark,Harwin,17,3
109,Arya-Stark,Hot-Pie,25,3
110,Arya-Stark,Ilyn-Payne,3,3
111,Arya-Stark,Jaime-Lannister,10,3
112,Arya-Stark,Joffrey-Baratheon,10,3
113,Arya-Stark,Jon-Snow,9,3
114,Arya-Stark,Lem,24,3
115,Arya-Stark,Mad-Huntsman,4,3
116,Arya-Stark,Meryn-Trant,3,3
117,Arya-Stark,Mycah,6,3
118,Arya-Stark,Nan,7,3
119,Arya-Stark,Pate-(Old),4,3
120,Arya-Stark,Polliver,11,3
121,Arya-Stark,Rafford,5,3
122,Arya-Stark,Ravella-Swann,7,3
123,Arya-Stark,Rickon-Stark,8,3
124,Arya-Stark,Robb-Stark,14,3
125,Arya-Stark,Robert-Baratheon,5,3
126,Arya-Stark,Roose-Bolton,8,3
127,Arya-Stark,Sandor-Clegane,48,3
128,Arya-Stark,Sansa-Stark,23,3
129,Arya-Stark,Thoros-of-Myr,21,3
130,Arya-Stark,Tickler,5,3
131,Arya-Stark,Tom-of-Sevenstreams,24,3
132,Arya-Stark,Tyrion-Lannister,7,3
133,Axell-Florent,Davos-Seaworth,21,3
134,Axell-Florent,Lamprey,5,3
135,Axell-Florent,Melisandre,4,3
136,Axell-Florent,Porridge,5,3
137,Axell-Florent,Salladhor-Saan,3,3
138,Axell-Florent,Selyse-Florent,8,3
139,Axell-Florent,Stannis-Baratheon,16,3
140,Azor-Ahai,Stannis-Baratheon,3,3
141,Baelor-I-Targaryen,Cersei-Lannister,3,3
142,Baelor-I-Targaryen,Sansa-Stark,3,3
143,Baelor-I-Targaryen,Tyrion-Lannister,3,3
144,Ballabar,Frenken,4,3
145,Ballabar,Tyrion-Lannister,4,3
146,Balon-Greyjoy,Robb-Stark,6,3
147,Balon-Greyjoy,Stannis-Baratheon,4,3
148,Balon-Greyjoy,Tywin-Lannister,4,3
149,Balon-Swann,Boros-Blount,3,3
150,Balon-Swann,Jaime-Lannister,5,3
151,Balon-Swann,Joffrey-Baratheon,5,3
152,Balon-Swann,Loras-Tyrell,6,3
153,Balon-Swann,Osmund-Kettleblack,3,3
154,Balon-Swann,Tyrion-Lannister,4,3
155,Bannen,Dywen,5,3
156,Bannen,Samwell-Tarly,11,3
157,Barristan-Selmy,Daenerys-Targaryen,5,3
158,Barristan-Selmy,Gerold-Hightower,5,3
159,Barristan-Selmy,Jaime-Lannister,4,3
160,Barristan-Selmy,Jorah-Mormont,5,3
161,Barristan-Selmy,Robert-Baratheon,8,3
162,Bedwyck,Craster,4,3
163,Bedwyck,Dywen,3,3
164,Bedwyck,Eddison-Tollett,4,3
165,Bedwyck,Grenn,4,3
166,Bedwyck,Samwell-Tarly,3,3
167,Belwas,Ben-Plumm,4,3
168,Belwas,Daenerys-Targaryen,28,3
169,Belwas,Illyrio-Mopatis,8,3
170,Belwas,Jhiqui,3,3
171,Belwas,Jorah-Mormont,18,3
172,Belwas,Oznak-zo-Pahl,8,3
173,Ben-Plumm,Daario-Naharis,4,3
174,Ben-Plumm,Daenerys-Targaryen,10,3
175,Benjen-Stark,Bran-Stark,3,3
176,Benjen-Stark,Jeor-Mormont,3,3
177,Benjen-Stark,Jon-Snow,3,3
178,Benjen-Stark,Robert-Baratheon,3,3
179,Beric-Dondarrion,Gendry,4,3
180,Beric-Dondarrion,Gregor-Clegane,3,3
181,Beric-Dondarrion,Harwin,7,3
182,Beric-Dondarrion,Jack-Bulwer,4,3
183,Beric-Dondarrion,Joffrey-Baratheon,3,3
184,Beric-Dondarrion,Lem,14,3
185,Beric-Dondarrion,Sandor-Clegane,15,3
186,Beric-Dondarrion,Thoros-of-Myr,26,3
187,Beric-Dondarrion,Tom-of-Sevenstreams,4,3
188,Big-Boil,Jon-Snow,3,3
189,Big-Boil,Ygritte,3,3
190,Biter,Rorge,3,3
191,Blane,Jeor-Mormont,3,3
192,Boros-Blount,Cersei-Lannister,4,3
193,Boros-Blount,Jaime-Lannister,6,3
194,Boros-Blount,Loras-Tyrell,5,3
195,Boros-Blount,Meryn-Trant,6,3
196,Boros-Blount,Tommen-Baratheon,7,3
197,Boros-Blount,Tyrion-Lannister,6,3
198,Bowen-Marsh,Cotter-Pyke,3,3
199,Bowen-Marsh,Denys-Mallister,5,3
200,Bowen-Marsh,Donal-Noye,4,3
201,Bowen-Marsh,Eddison-Tollett,3,3
202,Bowen-Marsh,Hobb,3,3
203,Bowen-Marsh,Janos-Slynt,10,3
204,Bowen-Marsh,Jeor-Mormont,8,3
205,Bowen-Marsh,Jon-Snow,5,3
206,Bowen-Marsh,Othell-Yarwyck,9,3
207,Bowen-Marsh,Samwell-Tarly,7,3
208,Bran-Stark,Catelyn-Stark,3,3
209,Bran-Stark,Coldhands,4,3
210,Bran-Stark,Eddard-Stark,7,3
211,Bran-Stark,Hodor,71,3
212,Bran-Stark,Joffrey-Baratheon,3,3
213,Bran-Stark,Jojen-Reed,48,3
214,Bran-Stark,Jon-Snow,13,3
215,Bran-Stark,Jon-Umber-(Greatjon),3,3
216,Bran-Stark,Meera-Reed,54,3
217,Bran-Stark,Nan,14,3
218,Bran-Stark,Rickon-Stark,31,3
219,Bran-Stark,Robb-Stark,18,3
220,Bran-Stark,Samwell-Tarly,11,3
221,Bran-Stark,Sansa-Stark,10,3
222,Bran-Stark,Theon-Greyjoy,9,3
223,Brandon-Stark,Eddard-Stark,8,3
224,Brandon-Stark,Rickon-Stark,3,3
225,Brandon-Stark,Robb-Stark,3,3
226,Brella,Sansa-Stark,4,3
227,Brella,Shae,4,3
228,Brenett,Catelyn-Stark,3,3
229,Brienne-of-Tarth,Catelyn-Stark,7,3
230,Brienne-of-Tarth,Cersei-Lannister,5,3
231,Brienne-of-Tarth,Cleos-Frey,12,3
232,Brienne-of-Tarth,Elmar-Frey,6,3
233,Brienne-of-Tarth,Jaime-Lannister,87,3
234,Brienne-of-Tarth,Loras-Tyrell,6,3
235,Brienne-of-Tarth,Qyburn,3,3
236,Brienne-of-Tarth,Robb-Stark,5,3
237,Brienne-of-Tarth,Roose-Bolton,11,3
238,Brienne-of-Tarth,Sansa-Stark,5,3
239,Brienne-of-Tarth,Tyrion-Lannister,4,3
240,Brienne-of-Tarth,Vargo-Hoat,4,3
241,Brienne-of-Tarth,Walton,3,3
242,Bronn,Cersei-Lannister,8,3
243,Bronn,Gregor-Clegane,4,3
244,Bronn,Joffrey-Baratheon,3,3
245,Bronn,Lollys-Stokeworth,3,3
246,Bronn,Mandon-Moore,3,3
247,Bronn,Oberyn-Martell,4,3
248,Bronn,Podrick-Payne,17,3
249,Bronn,Tommen-Baratheon,4,3
250,Bronn,Tyrion-Lannister,32,3
251,Bronn,Tywin-Lannister,3,3
252,Bronn,Varys,4,3
253,Brynden-Tully,Catelyn-Stark,5,3
254,Brynden-Tully,Edmure-Tully,6,3
255,Brynden-Tully,Rickard-Karstark,4,3
256,Brynden-Tully,Robb-Stark,12,3
257,Brynden-Tully,Tywin-Lannister,4,3
258,Brynden-Tully,Walder-Frey,4,3
259,Butterbumps,Olenna-Redwyne,4,3
260,Butterbumps,Sansa-Stark,6,3
261,Byam-Flint,Craster,3,3
262,Catelyn-Stark,Cersei-Lannister,4,3
263,Catelyn-Stark,Cleos-Frey,4,3
264,Catelyn-Stark,Dacey-Mormont,5,3
265,Catelyn-Stark,Desmond-Grell,6,3
266,Catelyn-Stark,Eddard-Stark,7,3
267,Catelyn-Stark,Edmure-Tully,18,3
268,Catelyn-Stark,Elmar-Frey,5,3
269,Catelyn-Stark,Hoster-Tully,16,3
270,Catelyn-Stark,Jaime-Lannister,19,3
271,Catelyn-Stark,Jason-Mallister,5,3
272,Catelyn-Stark,Jeyne-Westerling,13,3
273,Catelyn-Stark,Joffrey-Baratheon,3,3
274,Catelyn-Stark,Jon-Umber-(Greatjon),10,3
275,Catelyn-Stark,Lothar-Frey,3,3
276,Catelyn-Stark,Lysa-Arryn,15,3
277,Catelyn-Stark,Maege-Mormont,6,3
278,Catelyn-Stark,Marq-Piper,3,3
279,Catelyn-Stark,Petyr-Baelish,6,3
280,Catelyn-Stark,Raynald-Westerling,5,3
281,Catelyn-Stark,Rickard-Karstark,6,3
282,Catelyn-Stark,Robb-Stark,48,3
283,Catelyn-Stark,Robin-Ryger,3,3
284,Catelyn-Stark,Rodrik-Cassel,3,3
285,Catelyn-Stark,Roose-Bolton,10,3
286,Catelyn-Stark,Roslin-Frey,7,3
287,Catelyn-Stark,Ryman-Frey,6,3
288,Catelyn-Stark,Sansa-Stark,11,3
289,Catelyn-Stark,Stannis-Baratheon,4,3
290,Catelyn-Stark,Tansy,8,3
291,Catelyn-Stark,Tyrion-Lannister,7,3
292,Catelyn-Stark,Vyman,9,3
293,Catelyn-Stark,Walder-Frey,25,3
294,Cersei-Lannister,Dunsen,6,3
295,Cersei-Lannister,Eddard-Stark,6,3
296,Cersei-Lannister,Elia-Martell,4,3
297,Cersei-Lannister,Ellaria-Sand,4,3
298,Cersei-Lannister,Gregor-Clegane,7,3
299,Cersei-Lannister,Ilyn-Payne,8,3
300,Cersei-Lannister,Jaime-Lannister,35,3
301,Cersei-Lannister,Joffrey-Baratheon,44,3
302,Cersei-Lannister,Kevan-Lannister,5,3
303,Cersei-Lannister,Lancel-Lannister,3,3
304,Cersei-Lannister,Lysa-Arryn,4,3
305,Cersei-Lannister,Mace-Tyrell,6,3
306,Cersei-Lannister,Mandon-Moore,4,3
307,Cersei-Lannister,Margaery-Tyrell,6,3
308,Cersei-Lannister,Meryn-Trant,13,3
309,Cersei-Lannister,Oberyn-Martell,9,3
310,Cersei-Lannister,Olenna-Redwyne,5,3
311,Cersei-Lannister,Osmund-Kettleblack,8,3
312,Cersei-Lannister,Polliver,6,3
313,Cersei-Lannister,Pycelle,4,3
314,Cersei-Lannister,Rafford,6,3
315,Cersei-Lannister,Robert-Baratheon,14,3
316,Cersei-Lannister,Sandor-Clegane,5,3
317,Cersei-Lannister,Sansa-Stark,21,3
318,Cersei-Lannister,Shae,4,3
319,Cersei-Lannister,Tickler,6,3
320,Cersei-Lannister,Tommen-Baratheon,4,3
321,Cersei-Lannister,Tyrion-Lannister,54,3
322,Cersei-Lannister,Tywin-Lannister,20,3
323,Cersei-Lannister,Varys,4,3
324,Cersei-Lannister,Willas-Tyrell,5,3
325,Chataya,Tyrion-Lannister,4,3
326,Chett,Jeor-Mormont,6,3
327,Chett,Lark,9,3
328,Chett,Qhorin-Halfhand,3,3
329,Chett,Samwell-Tarly,4,3
330,Chett,Small-Paul,8,3
331,Cleon,Daenerys-Targaryen,4,3
332,Cleon,Ghael,5,3
333,Cleos-Frey,Jaime-Lannister,25,3
334,Clubfoot-Karl,Craster,6,3
335,Clubfoot-Karl,Samwell-Tarly,3,3
336,Clydas,Hobb,6,3
337,Clydas,Jon-Snow,10,3
338,Clydas,Samwell-Tarly,6,3
339,Coldhands,Gilly,3,3
340,Cotter-Pyke,Denys-Mallister,14,3
341,Cotter-Pyke,Eddison-Tollett,3,3
342,Cotter-Pyke,Jon-Snow,3,3
343,Cotter-Pyke,Othell-Yarwyck,6,3
344,Cotter-Pyke,Pypar,3,3
345,Cotter-Pyke,Samwell-Tarly,10,3
346,Cotter-Pyke,Stannis-Baratheon,5,3
347,Craster,Dirk,6,3
348,Craster,Eddison-Tollett,3,3
349,Craster,Gilly,16,3
350,Craster,Grenn,3,3
351,Craster,Jeor-Mormont,8,3
352,Craster,Jojen-Reed,3,3
353,Craster,Jon-Snow,7,3
354,Craster,Mance-Rayder,6,3
355,Craster,Samwell-Tarly,32,3
356,Craster,Tormund,3,3
357,Cressen,Davos-Seaworth,4,3
358,Daario-Naharis,Daenerys-Targaryen,15,3
359,Daario-Naharis,Drogo,3,3
360,Daario-Naharis,Irri,3,3
361,Daario-Naharis,Jorah-Mormont,10,3
362,Daario-Naharis,Prendahl-na-Ghezn,3,3
363,Daario-Naharis,Sallor,3,3
364,Dacey-Mormont,Maege-Mormont,3,3
365,Dacey-Mormont,Robb-Stark,3,3
366,Daenerys-Targaryen,Drogo,7,3
367,Daenerys-Targaryen,Ghael,3,3
368,Daenerys-Targaryen,Grey-Worm,14,3
369,Daenerys-Targaryen,Groleo,6,3
370,Daenerys-Targaryen,Irri,17,3
371,Daenerys-Targaryen,Jhiqui,17,3
372,Daenerys-Targaryen,Jhogo,4,3
373,Daenerys-Targaryen,Jorah-Mormont,53,3
374,Daenerys-Targaryen,Kraznys-mo-Nakloz,16,3
375,Daenerys-Targaryen,Mero,5,3
376,Daenerys-Targaryen,Missandei,26,3
377,Daenerys-Targaryen,Oznak-zo-Pahl,4,3
378,Daenerys-Targaryen,Rakharo,7,3
379,Daenerys-Targaryen,Rhaegar-Targaryen,13,3
380,Daenerys-Targaryen,Rhaegel-Targaryen,5,3
381,Daenerys-Targaryen,Robert-Baratheon,8,3
382,Daenerys-Targaryen,Viserys-Targaryen,8,3
383,Daeron-I-Targaryen,Shireen-Baratheon,3,3
384,Dalla,Jon-Snow,6,3
385,Dalla,Mance-Rayder,10,3
386,Dalla,Val,7,3
387,Davos-Seaworth,Devan-Seaworth,5,3
388,Davos-Seaworth,Edric-Storm,19,3
389,Davos-Seaworth,Guncer-Sunglass,3,3
390,Davos-Seaworth,Joffrey-Baratheon,10,3
391,Davos-Seaworth,Khorane-Sathmantes,4,3
392,Davos-Seaworth,Lamprey,8,3
393,Davos-Seaworth,Melisandre,40,3
394,Davos-Seaworth,Porridge,6,3
395,Davos-Seaworth,Pylos,15,3
396,Davos-Seaworth,Salladhor-Saan,22,3
397,Davos-Seaworth,Selyse-Florent,6,3
398,Davos-Seaworth,Shireen-Baratheon,9,3
399,Davos-Seaworth,Stannis-Baratheon,52,3
400,Denys-Mallister,Eddison-Tollett,3,3
401,Denys-Mallister,Janos-Slynt,3,3
402,Denys-Mallister,Othell-Yarwyck,4,3
403,Denys-Mallister,Pypar,4,3
404,Denys-Mallister,Samwell-Tarly,14,3
405,Desmond-Grell,Edmure-Tully,4,3
406,Desmond-Grell,Robb-Stark,4,3
407,Desmond-Grell,Utherydes-Wayn,6,3
408,Devan-Seaworth,Pylos,3,3
409,Devan-Seaworth,Stannis-Baratheon,4,3
410,Dick-Follard,Jon-Snow,3,3
411,Dick-Follard,Satin,5,3
412,Dirk,Samwell-Tarly,4,3
413,Donal-Noye,Jeor-Mormont,4,3
414,Donal-Noye,Jon-Snow,33,3
415,Donal-Noye,Mag-Mar-Tun-Doh-Weg,6,3
416,Donal-Noye,Mance-Rayder,3,3
417,Donal-Noye,Qhorin-Halfhand,3,3
418,Donal-Noye,Stannis-Baratheon,4,3
419,Dontos-Hollard,Joffrey-Baratheon,10,3
420,Dontos-Hollard,Lothor-Brune,3,3
421,Dontos-Hollard,Moon-Boy,3,3
422,Dontos-Hollard,Petyr-Baelish,4,3
423,Dontos-Hollard,Sansa-Stark,13,3
424,Dontos-Hollard,Tyrion-Lannister,7,3
425,Dontos-Hollard,Willas-Tyrell,3,3
426,Doran-Martell,Gregor-Clegane,3,3
427,Doran-Martell,Oberyn-Martell,4,3
428,Doran-Martell,Tyrion-Lannister,10,3
429,Drogo,Irri,3,3
430,Drogo,Jorah-Mormont,8,3
431,Dunsen,Gregor-Clegane,11,3
432,Dunsen,Ilyn-Payne,6,3
433,Dunsen,Joffrey-Baratheon,6,3
434,Dunsen,Meryn-Trant,6,3
435,Dunsen,Polliver,9,3
436,Dunsen,Rafford,10,3
437,Dunsen,Sandor-Clegane,7,3
438,Dunsen,Tickler,9,3
439,Dywen,Eddison-Tollett,5,3
440,Dywen,Grenn,4,3
441,Dywen,Jeor-Mormont,4,3
442,Dywen,Samwell-Tarly,6,3
443,Eddard-Stark,Gregor-Clegane,3,3
444,Eddard-Stark,Jaime-Lannister,6,3
445,Eddard-Stark,Joffrey-Baratheon,3,3
446,Eddard-Stark,Jon-Snow,4,3
447,Eddard-Stark,Rickon-Stark,8,3
448,Eddard-Stark,Robb-Stark,13,3
449,Eddard-Stark,Robert-Baratheon,7,3
450,Eddard-Stark,Sandor-Clegane,4,3
451,Eddard-Stark,Sansa-Stark,6,3
452,Eddard-Stark,Torrhen-Stark,3,3
453,Eddard-Stark,Tyrion-Lannister,3,3
454,Eddison-Tollett,Grenn,13,3
455,Eddison-Tollett,Jeor-Mormont,5,3
456,Eddison-Tollett,Othell-Yarwyck,3,3
457,Eddison-Tollett,Pypar,5,3
458,Eddison-Tollett,Samwell-Tarly,15,3
459,Eddison-Tollett,Watt,3,3
460,Edmure-Tully,Elmar-Frey,3,3
461,Edmure-Tully,Hoster-Tully,11,3
462,Edmure-Tully,Jaime-Lannister,4,3
463,Edmure-Tully,Lothar-Frey,4,3
464,Edmure-Tully,Marq-Piper,5,3
465,Edmure-Tully,Robb-Stark,34,3
466,Edmure-Tully,Roslin-Frey,15,3
467,Edmure-Tully,Tansy,3,3
468,Edmure-Tully,Tywin-Lannister,3,3
469,Edmure-Tully,Walder-Frey,9,3
470,Edric-Storm,Pylos,9,3
471,Edric-Storm,Robert-Baratheon,3,3
472,Edric-Storm,Shireen-Baratheon,3,3
473,Edric-Storm,Stannis-Baratheon,6,3
474,Elia-Martell,Gregor-Clegane,7,3
475,Elia-Martell,Jaime-Lannister,4,3
476,Elia-Martell,Oberyn-Martell,9,3
477,Elia-Martell,Rhaegar-Targaryen,7,3
478,Elia-Martell,Tyrion-Lannister,6,3
479,Elinor-Tyrell,Megga-Tyrell,8,3
480,Elinor-Tyrell,Sansa-Stark,5,3
481,Ellaria-Sand,Oberyn-Martell,7,3
482,Ellaria-Sand,Tyrion-Lannister,4,3
483,Elmar-Frey,Jaime-Lannister,6,3
484,Elmar-Frey,Robb-Stark,9,3
485,Elmar-Frey,Roose-Bolton,3,3
486,Elmar-Frey,Tywin-Lannister,3,3
487,Elmar-Frey,Walder-Frey,6,3
488,Errok,Grigg,7,3
489,Errok,Jon-Snow,4,3
490,Errok,Styr,3,3
491,Galbart-Glover,Robett-Glover,3,3
492,Galyeon-of-Cuy,Tyrion-Lannister,3,3
493,Garlan-Tyrell,Joffrey-Baratheon,6,3
494,Garlan-Tyrell,Leonette-Fossoway,3,3
495,Garlan-Tyrell,Loras-Tyrell,6,3
496,Garlan-Tyrell,Sansa-Stark,5,3
497,Garlan-Tyrell,Tyrion-Lannister,11,3
498,Garlan-Tyrell,Willas-Tyrell,3,3
499,Gawen-Westerling,Jeyne-Westerling,3,3
500,Gawen-Westerling,Sybell-Spicer,3,3
501,Gendel,Gorne,3,3
502,Gendel,Jon-Snow,3,3
503,Gendry,Greenbeard,3,3
504,Gendry,Harwin,8,3
505,Gendry,Hot-Pie,30,3
506,Gendry,Lem,9,3
507,Gendry,Merrit,3,3
508,Gendry,Robert-Baratheon,3,3
509,Gendry,Sandor-Clegane,5,3
510,Gendry,Thoros-of-Myr,8,3
511,Gendry,Tom-of-Sevenstreams,10,3
512,Gerold-Hightower,Jaime-Lannister,4,3
513,Gerold-Hightower,Lewyn-Martell,3,3
514,Gilly,Jojen-Reed,3,3
515,Gilly,Jon-Snow,8,3
516,Gilly,Mance-Rayder,6,3
517,Gilly,Meera-Reed,3,3
518,Gilly,Samwell-Tarly,35,3
519,Gilly,Small-Paul,3,3
520,Gorne,Jon-Snow,3,3
521,Grazdan-mo-Eraz,Mero,3,3
522,Greenbeard,Harwin,4,3
523,Greenbeard,Lem,12,3
524,Greenbeard,Thoros-of-Myr,3,3
525,Greenbeard,Tom-of-Sevenstreams,4,3
526,Gregor-Clegane,Helman-Tallhart,3,3
527,Gregor-Clegane,Ilyn-Payne,7,3
528,Gregor-Clegane,Jaime-Lannister,7,3
529,Gregor-Clegane,Joffrey-Baratheon,9,3
530,Gregor-Clegane,Meryn-Trant,6,3
531,Gregor-Clegane,Oberyn-Martell,39,3
532,Gregor-Clegane,Polliver,11,3
533,Gregor-Clegane,Rafford,12,3
534,Gregor-Clegane,Robb-Stark,4,3
535,Gregor-Clegane,Sandor-Clegane,10,3
536,Gregor-Clegane,Tickler,12,3
537,Gregor-Clegane,Tyrion-Lannister,23,3
538,Gregor-Clegane,Tywin-Lannister,5,3
539,Grenn,Jeor-Mormont,7,3
540,Grenn,Jon-Snow,30,3
541,Grenn,Kegs,5,3
542,Grenn,Owen,4,3
543,Grenn,Pypar,28,3
544,Grenn,Samwell-Tarly,43,3
545,Grenn,Small-Paul,3,3
546,Grey-Worm,Jorah-Mormont,4,3
547,Grigg,Jarl,3,3
548,Grigg,Jon-Snow,5,3
549,Grisel,Petyr-Baelish,3,3
550,Guncer-Sunglass,Melisandre,4,3
551,Gyles-Rosby,Jalabhar-Xho,4,3
552,Halder,Jon-Snow,3,3
553,Halder,Todder,3,3
554,Hareth-(Moles-Town),Jon-Snow,8,3
555,Hareth-(Moles-Town),Kegs,3,3
556,Hareth-(Moles-Town),Mully,3,3
557,Hareth-(Moles-Town),Satin,5,3
558,Hareth-(Moles-Town),Spare-Boot,3,3
559,Harma,Jarl,3,3
560,Harma,Jon-Snow,7,3
561,Harma,Mance-Rayder,10,3
562,Harma,Rattleshirt,5,3
563,Harma,Styr,4,3
564,Harma,Tormund,4,3
565,Harma,Varamyr,3,3
566,Harma,Weeper,3,3
567,Harwin,Lem,7,3
568,Harwin,Sandor-Clegane,3,3
569,Helman-Tallhart,Randyll-Tarly,3,3
570,Helman-Tallhart,Robett-Glover,4,3
571,High-Septon-(Tyrions),Joffrey-Baratheon,6,3
572,High-Septon-(Tyrions),Pycelle,3,3
573,High-Septon-(Tyrions),Tyrion-Lannister,3,3
574,Hobb,Janos-Slynt,4,3
575,Hobb,Othell-Yarwyck,3,3
576,Hobb,Owen,3,3
577,Hobb,Samwell-Tarly,3,3
578,Hodor,Jojen-Reed,24,3
579,Hodor,Meera-Reed,28,3
580,Hoster-Tully,Jaime-Lannister,4,3
581,Hoster-Tully,Lothar-Frey,5,3
582,Hoster-Tully,Lysa-Arryn,6,3
583,Hoster-Tully,Robb-Stark,4,3
584,Hoster-Tully,Tansy,5,3
585,Hoster-Tully,Vyman,4,3
586,Hot-Pie,Lem,7,3
587,Hot-Pie,Sharna,3,3
588,Hot-Pie,Tom-of-Sevenstreams,4,3
589,Husband,Lem,4,3
590,Ilyn-Payne,Joffrey-Baratheon,9,3
591,Ilyn-Payne,Meryn-Trant,6,3
592,Ilyn-Payne,Polliver,5,3
593,Ilyn-Payne,Rafford,6,3
594,Ilyn-Payne,Sandor-Clegane,5,3
595,Ilyn-Payne,Tickler,6,3
596,Ilyn-Payne,Tyrion-Lannister,6,3
597,Irri,Jhiqui,15,3
598,Irri,Jorah-Mormont,3,3
599,Irri,Missandei,4,3
600,Jack-Be-Lucky,Lem,5,3
601,Jack-Bulwer,Thoros-of-Myr,5,3
602,Jaime-Lannister,Joffrey-Baratheon,21,3
603,Jaime-Lannister,Lem,6,3
604,Jaime-Lannister,Loras-Tyrell,24,3
605,Jaime-Lannister,Lysa-Arryn,3,3
606,Jaime-Lannister,Meryn-Trant,9,3
607,Jaime-Lannister,Oberyn-Martell,3,3
608,Jaime-Lannister,Osmund-Kettleblack,5,3
609,Jaime-Lannister,Qyburn,21,3
610,Jaime-Lannister,Renly-Baratheon,9,3
611,Jaime-Lannister,Rickard-Karstark,4,3
612,Jaime-Lannister,Robb-Stark,17,3
613,Jaime-Lannister,Robert-Baratheon,18,3
614,Jaime-Lannister,Robin-Ryger,9,3
615,Jaime-Lannister,Roose-Bolton,17,3
616,Jaime-Lannister,Rorge,9,3
617,Jaime-Lannister,Sansa-Stark,9,3
618,Jaime-Lannister,Shagwell,4,3
619,Jaime-Lannister,Stannis-Baratheon,6,3
620,Jaime-Lannister,Thoros-of-Myr,3,3
621,Jaime-Lannister,Tommen-Baratheon,10,3
622,Jaime-Lannister,Tyrion-Lannister,33,3
623,Jaime-Lannister,Tywin-Lannister,16,3
624,Jaime-Lannister,Urswyck,11,3
625,Jaime-Lannister,Vargo-Hoat,16,3
626,Jaime-Lannister,Varys,5,3
627,Jaime-Lannister,Walton,18,3
628,Janos-Slynt,Jon-Snow,10,3
629,Janos-Slynt,Mance-Rayder,6,3
630,Janos-Slynt,Othell-Yarwyck,9,3
631,Janos-Slynt,Samwell-Tarly,7,3
632,Janos-Slynt,Stannis-Baratheon,4,3
633,Janos-Slynt,Tyrion-Lannister,5,3
634,Jarl,Jon-Snow,21,3
635,Jarl,Mance-Rayder,8,3
636,Jarl,Rattleshirt,6,3
637,Jarl,Styr,16,3
638,Jarl,Val,5,3
639,Jarl,Ygritte,6,3
640,Jason-Mallister,Tytos-Blackwood,3,3
641,Jeor-Mormont,Jon-Snow,19,3
642,Jeor-Mormont,Lark,3,3
643,Jeor-Mormont,Othell-Yarwyck,3,3
644,Jeor-Mormont,Qhorin-Halfhand,6,3
645,Jeor-Mormont,Samwell-Tarly,23,3
646,Jeor-Mormont,Small-Paul,3,3
647,Jeor-Mormont,Thoren-Smallwood,8,3
648,Jeor-Mormont,Tyrion-Lannister,4,3
649,Jeyne-Westerling,Lothar-Frey,4,3
650,Jeyne-Westerling,Robb-Stark,21,3
651,Jeyne-Westerling,Walder-Frey,5,3
652,Jhiqui,Jorah-Mormont,5,3
653,Jhiqui,Missandei,5,3
654,Jhogo,Rakharo,4,3
655,Joanna-Lannister,Tywin-Lannister,4,3
656,Joffrey-Baratheon,Jon-Snow,4,3
657,Joffrey-Baratheon,Kevan-Lannister,11,3
658,Joffrey-Baratheon,Loras-Tyrell,12,3
659,Joffrey-Baratheon,Mace-Tyrell,10,3
660,Joffrey-Baratheon,Mance-Rayder,5,3
661,Joffrey-Baratheon,Margaery-Tyrell,44,3
662,Joffrey-Baratheon,Melisandre,4,3
663,Joffrey-Baratheon,Meryn-Trant,12,3
664,Joffrey-Baratheon,Mycah,3,3
665,Joffrey-Baratheon,Myrcella-Baratheon,6,3
666,Joffrey-Baratheon,Oberyn-Martell,8,3
667,Joffrey-Baratheon,Olenna-Redwyne,3,3
668,Joffrey-Baratheon,Osmund-Kettleblack,9,3
669,Joffrey-Baratheon,Paxter-Redwyne,5,3
670,Joffrey-Baratheon,Petyr-Baelish,8,3
671,Joffrey-Baratheon,Polliver,6,3
672,Joffrey-Baratheon,Pycelle,9,3
673,Joffrey-Baratheon,Rafford,6,3
674,Joffrey-Baratheon,Renly-Baratheon,5,3
675,Joffrey-Baratheon,Robb-Stark,14,3
676,Joffrey-Baratheon,Robert-Baratheon,9,3
677,Joffrey-Baratheon,Sandor-Clegane,16,3
678,Joffrey-Baratheon,Sansa-Stark,53,3
679,Joffrey-Baratheon,Selyse-Florent,3,3
680,Joffrey-Baratheon,Shae,3,3
681,Joffrey-Baratheon,Shireen-Baratheon,3,3
682,Joffrey-Baratheon,Stannis-Baratheon,17,3
683,Joffrey-Baratheon,Tickler,6,3
684,Joffrey-Baratheon,Tommen-Baratheon,20,3
685,Joffrey-Baratheon,Tyrion-Lannister,95,3
686,Joffrey-Baratheon,Tywin-Lannister,23,3
687,Joffrey-Baratheon,Varys,6,3
688,Jojen-Reed,Meera-Reed,34,3
689,Jojen-Reed,Samwell-Tarly,10,3
690,Jon-Arryn,Lysa-Arryn,4,3
691,Jon-Arryn,Robert-Arryn,3,3
692,Jon-Arryn,Robert-Baratheon,4,3
693,Jon-Snow,Kegs,5,3
694,Jon-Snow,Mag-Mar-Tun-Doh-Weg,3,3
695,Jon-Snow,Mance-Rayder,83,3
696,Jon-Snow,Melisandre,9,3
697,Jon-Snow,Mully,4,3
698,Jon-Snow,Orell,6,3
699,Jon-Snow,Owen,14,3
700,Jon-Snow,Pypar,27,3
701,Jon-Snow,Qhorin-Halfhand,23,3
702,Jon-Snow,Rattleshirt,23,3
703,Jon-Snow,Robb-Stark,12,3
704,Jon-Snow,Robert-Baratheon,5,3
705,Jon-Snow,Ryk,11,3
706,Jon-Snow,Samwell-Tarly,50,3
707,Jon-Snow,Satin,33,3
708,Jon-Snow,Spare-Boot,5,3
709,Jon-Snow,Stannis-Baratheon,12,3
710,Jon-Snow,Styr,40,3
711,Jon-Snow,Theon-Greyjoy,8,3
712,Jon-Snow,Tormund,23,3
713,Jon-Snow,Val,11,3
714,Jon-Snow,Varamyr,7,3
715,Jon-Snow,Ygritte,54,3
716,Jon-Snow,Zei,3,3
717,Jon-Umber-(Greatjon),Jon-Umber-(Smalljon),4,3
718,Jon-Umber-(Greatjon),Maege-Mormont,3,3
719,Jon-Umber-(Greatjon),Rickard-Karstark,7,3
720,Jon-Umber-(Greatjon),Robb-Stark,15,3
721,Jon-Umber-(Greatjon),Robin-Flint,3,3
722,Jon-Umber-(Greatjon),Walder-Frey,4,3
723,Jon-Umber-(Greatjon),Wendel-Manderly,3,3
724,Jon-Umber-(Smalljon),Robb-Stark,5,3
725,Jonothor-Darry,Lewyn-Martell,3,3
726,Jonothor-Darry,Oswell-Whent,3,3
727,Jorah-Mormont,Mero,9,3
728,Jorah-Mormont,Missandei,3,3
729,Jorah-Mormont,Rhaegar-Targaryen,5,3
730,Joramun,Mance-Rayder,3,3
731,Kegs,Owen,5,3
732,Kegs,Pypar,3,3
733,Kegs,Satin,4,3
734,Kegs,Spare-Boot,4,3
735,Kella,Sansa-Stark,3,3
736,Kevan-Lannister,Lancel-Lannister,7,3
737,Kevan-Lannister,Pycelle,3,3
738,Kevan-Lannister,Sansa-Stark,5,3
739,Kevan-Lannister,Tommen-Baratheon,3,3
740,Kevan-Lannister,Tyrion-Lannister,11,3
741,Kevan-Lannister,Tywin-Lannister,15,3
742,Kevan-Lannister,Varys,5,3
743,Kevan-Lannister,Willem-Lannister,3,3
744,Khorane-Sathmantes,Salladhor-Saan,4,3
745,Khorane-Sathmantes,Stannis-Baratheon,3,3
746,Lamprey,Porridge,3,3
747,Lark,Samwell-Tarly,3,3
748,Lark,Small-Paul,8,3
749,Lark,Softfoot,3,3
750,Lem,Sandor-Clegane,5,3
751,Lem,Sharna,3,3
752,Lem,Tansy,3,3
753,Lem,Thoros-of-Myr,13,3
754,Lem,Tom-of-Sevenstreams,21,3
755,Lewyn-Martell,Oswell-Whent,3,3
756,Lollys-Stokeworth,Shae,5,3
757,Lollys-Stokeworth,Symon-Silver-Tongue,3,3
758,Lollys-Stokeworth,Tanda-Stokeworth,7,3
759,Lollys-Stokeworth,Tyrion-Lannister,8,3
760,Lollys-Stokeworth,Varys,5,3
761,Loras-Tyrell,Margaery-Tyrell,10,3
762,Loras-Tyrell,Olenna-Redwyne,5,3
763,Loras-Tyrell,Osmund-Kettleblack,4,3
764,Loras-Tyrell,Renly-Baratheon,8,3
765,Loras-Tyrell,Sansa-Stark,13,3
766,Loras-Tyrell,Tyrion-Lannister,10,3
767,Loras-Tyrell,Willas-Tyrell,4,3
768,Lothar-Frey,Marq-Piper,3,3
769,Lothar-Frey,Merrett-Frey,3,3
770,Lothar-Frey,Robb-Stark,12,3
771,Lothar-Frey,Roose-Bolton,3,3
772,Lothar-Frey,Roslin-Frey,4,3
773,Lothar-Frey,Walder-Frey,6,3
774,Lothar-Frey,Walder-Rivers,3,3
775,Lothor-Brune,Petyr-Baelish,5,3
776,Lothor-Brune,Sansa-Stark,6,3
777,Luwin,Nan,5,3
778,Lysa-Arryn,Marillion,10,3
779,Lysa-Arryn,Mathis-Rowan,3,3
780,Lysa-Arryn,Petyr-Baelish,29,3
781,Lysa-Arryn,Robert-Arryn,7,3
782,Lysa-Arryn,Robert-Baratheon,3,3
783,Lysa-Arryn,Sansa-Stark,35,3
784,Lysa-Arryn,Tansy,3,3
785,Lysa-Arryn,Tyrion-Lannister,6,3
786,Lysa-Arryn,Tywin-Lannister,4,3
787,Mace-Tyrell,Margaery-Tyrell,5,3
788,Mace-Tyrell,Oberyn-Martell,15,3
789,Mace-Tyrell,Olenna-Redwyne,3,3
790,Mace-Tyrell,Paxter-Redwyne,4,3
791,Mace-Tyrell,Sansa-Stark,9,3
792,Mace-Tyrell,Stannis-Baratheon,5,3
793,Mace-Tyrell,Tyrion-Lannister,15,3
794,Mace-Tyrell,Tywin-Lannister,10,3
795,Mace-Tyrell,Willas-Tyrell,4,3
796,Maege-Mormont,Robb-Stark,3,3
797,Maegor-I-Targaryen,Varys,3,3
798,Mallador-Locke,Thoren-Smallwood,4,3
799,Mance-Rayder,Pypar,4,3
800,Mance-Rayder,Qhorin-Halfhand,9,3
801,Mance-Rayder,Rattleshirt,12,3
802,Mance-Rayder,Samwell-Tarly,10,3
803,Mance-Rayder,Styr,14,3
804,Mance-Rayder,Thoren-Smallwood,4,3
805,Mance-Rayder,Tormund,20,3
806,Mance-Rayder,Val,8,3
807,Mance-Rayder,Varamyr,6,3
808,Mance-Rayder,Ygritte,14,3
809,Mandon-Moore,Tyrion-Lannister,3,3
810,Mandon-Moore,Varys,3,3
811,Margaery-Tyrell,Olenna-Redwyne,4,3
812,Margaery-Tyrell,Renly-Baratheon,6,3
813,Margaery-Tyrell,Sansa-Stark,34,3
814,Margaery-Tyrell,Tommen-Baratheon,5,3
815,Margaery-Tyrell,Tyrion-Lannister,10,3
816,Margaery-Tyrell,Willas-Tyrell,5,3
817,Marillion,Robert-Arryn,3,3
818,Marillion,Sansa-Stark,12,3
819,Marq-Piper,Robb-Stark,3,3
820,Martyn-Lannister,Tywin-Lannister,3,3
821,Martyn-Lannister,Willem-Lannister,3,3
822,Mathis-Rowan,Paxter-Redwyne,8,3
823,Meera-Reed,Samwell-Tarly,5,3
824,Megga-Tyrell,Sansa-Stark,6,3
825,Melisandre,Salladhor-Saan,6,3
826,Melisandre,Samwell-Tarly,7,3
827,Melisandre,Selyse-Florent,9,3
828,Melisandre,Stannis-Baratheon,38,3
829,Merrett-Frey,Petyr-Baelish,3,3
830,Meryn-Trant,Osmund-Kettleblack,4,3
831,Meryn-Trant,Polliver,5,3
832,Meryn-Trant,Rafford,6,3
833,Meryn-Trant,Sandor-Clegane,5,3
834,Meryn-Trant,Sansa-Stark,3,3
835,Meryn-Trant,Tickler,6,3
836,Meryn-Trant,Tyrion-Lannister,5,3
837,Mordane,Sansa-Stark,4,3
838,Mully,Owen,3,3
839,Mully,Satin,4,3
840,Mully,Spare-Boot,3,3
841,Munda,Tormund,4,3
842,Mycah,Sandor-Clegane,6,3
843,Myrcella-Baratheon,Sansa-Stark,4,3
844,Myrcella-Baratheon,Tommen-Baratheon,7,3
845,Myrcella-Baratheon,Tyrion-Lannister,4,3
846,Nage,Walton,3,3
847,Oberyn-Martell,Sansa-Stark,3,3
848,Oberyn-Martell,Tyrion-Lannister,41,3
849,Oberyn-Martell,Tywin-Lannister,9,3
850,Oberyn-Martell,Viserys-Targaryen,4,3
851,Olenna-Redwyne,Sansa-Stark,12,3
852,Olenna-Redwyne,Tyrion-Lannister,3,3
853,Olyvar-Frey,Robb-Stark,8,3
854,Olyvar-Frey,Ryman-Frey,4,3
855,Orell,Ygritte,3,3
856,Osmund-Kettleblack,Sansa-Stark,4,3
857,Osmund-Kettleblack,Tyrion-Lannister,5,3
858,Oswell-Kettleblack,Petyr-Baelish,4,3
859,Oswell-Kettleblack,Sansa-Stark,5,3
860,Othell-Yarwyck,Pypar,3,3
861,Ottyn-Wythers,Thoren-Smallwood,6,3
862,Owen,Pypar,4,3
863,Owen,Robert-Baratheon,3,3
864,Owen,Satin,4,3
865,Owen,Spare-Boot,4,3
866,Patchface,Shireen-Baratheon,3,3
867,Paxter-Redwyne,Tyrion-Lannister,4,3
868,Perwyn-Frey,Robb-Stark,3,3
869,Petyr-Baelish,Robb-Stark,6,3
870,Petyr-Baelish,Robert-Arryn,4,3
871,Petyr-Baelish,Roose-Bolton,3,3
872,Petyr-Baelish,Sansa-Stark,31,3
873,Petyr-Baelish,Tyrion-Lannister,14,3
874,Petyr-Baelish,Tywin-Lannister,5,3
875,Petyr-Baelish,Yohn-Royce,3,3
876,Petyr-Frey,Ryman-Frey,4,3
877,Petyr-Frey,Walder-Frey,4,3
878,Podrick-Payne,Sansa-Stark,7,3
879,Podrick-Payne,Tyrion-Lannister,27,3
880,Podrick-Payne,Tywin-Lannister,4,3
881,Polliver,Rafford,10,3
882,Polliver,Sandor-Clegane,19,3
883,Polliver,Sansa-Stark,3,3
884,Polliver,Tickler,16,3
885,Prendahl-na-Ghezn,Sallor,6,3
886,Pycelle,Tyrion-Lannister,12,3
887,Pycelle,Tywin-Lannister,5,3
888,Pycelle,Varys,5,3
889,Pylos,Shireen-Baratheon,4,3
890,Pylos,Stannis-Baratheon,4,3
891,Pypar,Samwell-Tarly,15,3
892,Pypar,Satin,4,3
893,Qhorin-Halfhand,Ragwyle,3,3
894,Qhorin-Halfhand,Rattleshirt,7,3
895,Qhorin-Halfhand,Samwell-Tarly,3,3
896,Qhorin-Halfhand,Ygritte,5,3
897,Qyburn,Roose-Bolton,3,3
898,Qyburn,Walton,4,3
899,Rafford,Sandor-Clegane,7,3
900,Rafford,Tickler,10,3
901,Ramsay-Snow,Robb-Stark,4,3
902,Ramsay-Snow,Roose-Bolton,4,3
903,Randyll-Tarly,Robett-Glover,3,3
904,Rattleshirt,Ryk,4,3
905,Rattleshirt,Styr,8,3
906,Rattleshirt,Tormund,5,3
907,Rattleshirt,Weeper,5,3
908,Rattleshirt,Ygritte,11,3
909,Raynald-Westerling,Robb-Stark,8,3
910,Raynald-Westerling,Rollam-Westerling,3,3
911,Renly-Baratheon,Robert-Baratheon,4,3
912,Renly-Baratheon,Sansa-Stark,4,3
913,Renly-Baratheon,Stannis-Baratheon,17,3
914,Renly-Baratheon,Tyrion-Lannister,5,3
915,Renly-Baratheon,Varys,4,3
916,Rhaegar-Targaryen,Rhaella-Targaryen,3,3
917,Rhaegar-Targaryen,Robert-Baratheon,8,3
918,Rhaegar-Targaryen,Viserys-Targaryen,7,3
919,Rhaella-Targaryen,Viserys-Targaryen,3,3
920,Rickard-Karstark,Robb-Stark,16,3
921,Rickon-Stark,Robb-Stark,13,3
922,Rickon-Stark,Sansa-Stark,7,3
923,Rickon-Stark,Theon-Greyjoy,8,3
924,Robb-Stark,Robin-Flint,3,3
925,Robb-Stark,Rollam-Westerling,4,3
926,Robb-Stark,Rolph-Spicer,5,3
927,Robb-Stark,Roose-Bolton,11,3
928,Robb-Stark,Roslin-Frey,4,3
929,Robb-Stark,Ryman-Frey,8,3
930,Robb-Stark,Sansa-Stark,17,3
931,Robb-Stark,Stannis-Baratheon,4,3
932,Robb-Stark,Stevron-Frey,4,3
933,Robb-Stark,Sybell-Spicer,3,3
934,Robb-Stark,Theon-Greyjoy,11,3
935,Robb-Stark,Tristifer-IV-Mudd,3,3
936,Robb-Stark,Tyrion-Lannister,15,3
937,Robb-Stark,Tywin-Lannister,15,3
938,Robb-Stark,Utherydes-Wayn,3,3
939,Robb-Stark,Walder-Frey,27,3
940,Robb-Stark,Walder-Rivers,4,3
941,Robb-Stark,Willem-Lannister,3,3
942,Robert-Arryn,Sansa-Stark,9,3
943,Robert-Baratheon,Sandor-Clegane,5,3
944,Robert-Baratheon,Sansa-Stark,3,3
945,Robert-Baratheon,Stannis-Baratheon,7,3
946,Robert-Baratheon,Thoros-of-Myr,6,3
947,Robert-Baratheon,Tyrion-Lannister,8,3
948,Robert-Baratheon,Tywin-Lannister,9,3
949,Robert-Baratheon,Varys,4,3
950,Robert-Baratheon,Viserys-Targaryen,6,3
951,Robin-Flint,Wendel-Manderly,3,3
952,Roose-Bolton,Ryman-Frey,3,3
953,Roose-Bolton,Tyrion-Lannister,6,3
954,Roose-Bolton,Tywin-Lannister,4,3
955,Roose-Bolton,Vargo-Hoat,6,3
956,Roose-Bolton,Walton,6,3
957,Rorge,Shagwell,4,3
958,Rorge,Vargo-Hoat,3,3
959,Rorge,Zollo,5,3
960,Roslin-Frey,Walder-Frey,6,3
961,Ryk,Tormund,6,3
962,Ryk,Ygritte,8,3
963,Ryman-Frey,Stevron-Frey,4,3
964,Salladhor-Saan,Stannis-Baratheon,6,3
965,Samwell-Tarly,Small-Paul,19,3
966,Samwell-Tarly,Stannis-Baratheon,18,3
967,Sandor-Clegane,Sansa-Stark,8,3
968,Sandor-Clegane,Thoros-of-Myr,13,3
969,Sandor-Clegane,Tickler,14,3
970,Sandor-Clegane,Tyrion-Lannister,4,3
971,Sansa-Stark,Shae,8,3
972,Sansa-Stark,Tanda-Stokeworth,3,3
973,Sansa-Stark,Tommen-Baratheon,3,3
974,Sansa-Stark,Tyrion-Lannister,78,3
975,Sansa-Stark,Tysha,3,3
976,Sansa-Stark,Tywin-Lannister,3,3
977,Sansa-Stark,Varys,4,3
978,Sansa-Stark,Willas-Tyrell,5,3
979,Satin,Spare-Boot,4,3
980,Selyse-Florent,Stannis-Baratheon,12,3
981,Shae,Symon-Silver-Tongue,3,3
982,Shae,Tanda-Stokeworth,3,3
983,Shae,Tyrion-Lannister,23,3
984,Shae,Varys,11,3
985,Sharna,Tom-of-Sevenstreams,3,3
986,Shireen-Baratheon,Stannis-Baratheon,3,3
987,Shireen-Baratheon,Tommen-Baratheon,3,3
988,Simon-Toyne,Smiling-Knight,3,3
989,Stannis-Baratheon,Tommen-Baratheon,3,3
990,Stannis-Baratheon,Tyrion-Lannister,7,3
991,Stannis-Baratheon,Tywin-Lannister,15,3
992,Styr,Tormund,5,3
993,Styr,Ygritte,9,3
994,Symon-Silver-Tongue,Tyrion-Lannister,7,3
995,Tanda-Stokeworth,Tyrion-Lannister,5,3
996,Tansy,Tom-of-Sevenstreams,3,3
997,Tion-Frey,Willem-Lannister,6,3
998,Tommen-Baratheon,Tyrion-Lannister,8,3
999,Tommen-Baratheon,Tywin-Lannister,5,3
1000,Tormund,Ygritte,11,3
1001,Tyrion-Lannister,Tysha,3,3
1002,Tyrion-Lannister,Tywin-Lannister,44,3
1003,Tyrion-Lannister,Varys,27,3
1004,Tyrion-Lannister,Viserys-Targaryen,4,3
1005,Tyrion-Lannister,Willas-Tyrell,5,3
1006,Tywin-Lannister,Varys,5,3
1007,Tywin-Lannister,Walder-Frey,4,3
1008,Vargo-Hoat,Zollo,3,3
