id,label,house
Addam-Marbrand,Addam Marbrand,Misc
Aegon-Frey-(son-of-Stevron),Aegon Frey (son of Stevron),Misc
Aegon-I-Targaryen,Aegon I Targaryen,Targaryen
Aegon-Targaryen-(son-of-Rhaegar),Aegon Targaryen (son of Rhaegar),Targaryen
Aegon-V-Targaryen,Aegon V Targaryen,Targaryen
Aemon-Targaryen-(Dragonknight),Aemon Targaryen (Dragonknight),Targaryen
Aemon-Targaryen-(Maester-Aemon),Aemon Targaryen (Maester Aemon),Targaryen
Aenys-Frey,Aenys Frey,Misc
Aeron-Greyjoy,Aeron Greyjoy,Greyjoy
Aerys-I-Targaryen,Aerys I Targaryen,Targaryen
Aerys-II-Targaryen,Aerys II Targaryen,Targaryen
Aggar,Aggar,Misc
Aggo,Aggo,Misc
Alayaya,Alayaya,Misc
Albett,Albett,Misc
Alebelly,Alebelly,Misc
Alerie-Hightower,Alerie Hightower,Misc
Alester-Florent,Alester Florent,Misc
Alla-Tyrell,Alla Tyrell,Misc
Allar-Deem,Allar Deem,Misc
Allard-Seaworth,Allard Seaworth,Misc
Alleras,Alleras,Misc
Alliser-Thorne,Alliser Thorne,Misc
Alyn,Alyn,Misc
Alys-Arryn,Alys Arryn,Arryn
Alys-Karstark,Alys Karstark,Misc
Alysane-Mormont,Alysane Mormont,Misc
Amabel,Amabel,Misc
Amerei-Frey,Amerei Frey,Misc
Amory-Lorch,Amory Lorch,Misc
Anders-Yronwood,Anders Yronwood,Misc
Andrew-Estermont,Andrew Estermont,Misc
Andrey-Dalt,Andrey Dalt,Misc
Anguy,Anguy,Misc
Anya-Waynwood,Anya Waynwood,Misc
Archibald-Yronwood,Archibald Yronwood,Misc
Ardrian-Celtigar,Ardrian Celtigar,Misc
Areo-Hotah,Areo Hotah,Misc
Arianne-Martell,Arianne Martell,Martell
Armen,Armen,Misc
Arnolf-Karstark,Arnolf Karstark,Misc
Aron-Santagar,Aron Santagar,Misc
Arron,Arron,Misc
Arson,Arson,Misc
Arstan,Arstan,Misc
Arthor-Karstark,Arthor Karstark,Misc
Arthur-Dayne,Arthur Dayne,Misc
Arwyn-Oakheart,Arwyn Oakheart,Misc
Arya-Stark,Arya Stark,Stark
Arys-Oakheart,Arys Oakheart,Misc
Asha-Greyjoy,Asha Greyjoy,Greyjoy
Ashara-Dayne,Ashara Dayne,Misc
Aurane-Waters,Aurane Waters,Misc
Axell-Florent,Axell Florent,Misc
Azor-Ahai,Azor Ahai,Misc
Bael-the-Bard,Bael the Bard,Misc
Baelor-Blacktyde,Baelor Blacktyde,Misc
Baelor-I-Targaryen,Baelor I Targaryen,Targaryen
Ballabar,Ballabar,Misc
Balman-Byrch,Balman Byrch,Misc
Balon-Greyjoy,Balon Greyjoy,Greyjoy
Balon-Swann,Balon Swann,Misc
Bannen,Bannen,Misc
Barbrey-Dustin,Barbrey Dustin,Misc
Barristan-Selmy,Barristan Selmy,Misc
Barsena,Barsena,Misc
Bartimus,Bartimus,Misc
Bedwyck,Bedwyck,Misc
Belaquo,Belaquo,Misc
Bellegere-Otherys,Bellegere Otherys,Misc
Belwas,Belwas,Misc
Ben-Bones,Ben Bones,Misc
Ben-Plumm,Ben Plumm,Misc
Benedar-Belmore,Benedar Belmore,Misc
Benerro,Benerro,Misc
Benethon-Scales,Benethon Scales,Misc
Benfred-Tallhart,Benfred Tallhart,Misc
Benjen-Stark,Benjen Stark,Stark
Beric-Dondarrion,Beric Dondarrion,Misc
Beth-Cassel,Beth Cassel,Misc
Big-Boil,Big Boil,Misc
Biter,Biter,Misc
Black-Balaq,Black Balaq,Misc
Blane,Blane,Misc
Bloodbeard,Bloodbeard,Misc
Blue-Bard,Blue Bard,Misc
Bonifer-Hasty,Bonifer Hasty,Misc
Boros-Blount,Boros Blount,Misc
Bowen-Marsh,Bowen Marsh,Misc
Bran-Stark,Bran Stark,Stark
Brandon-Norrey,Brandon Norrey,Misc
Brandon-Stark,Brandon Stark,Stark
Brea,Brea,Misc
Brella,Brella,Misc
Brenett,Brenett,Misc
Brienne-of-Tarth,Brienne of Tarth,Misc
Bronn,Bronn,Misc
Brus-Buckler,Brus Buckler,Misc
Brusco,Brusco,Misc
Bryce-Caron,Bryce Caron,Misc
Brynden-Rivers,Brynden Rivers,Misc
Brynden-Tully,Brynden Tully,Tully
Bump,Bump,Misc
Butterbumps,Butterbumps,Misc
Byam-Flint,Byam Flint,Misc
Caggo,Caggo,Misc
Caleotte,Caleotte,Misc
Camarron,Camarron,Misc
Captain-Myraham,Captain Myraham,Misc
Captain-Myraham-Daughter,Captain Myraham Daughter,Misc
Catelyn-Stark,Catelyn Stark,Stark
Cayn,Cayn,Misc
Cedra,Cedra,Misc
Cedric-Payne,Cedric Payne,Misc
Cellador,Cellador,Misc
Cersei-Lannister,Cersei Lannister,Lannister
Chataya,Chataya,Misc
Chayle,Chayle,Misc
Chella,Chella,Misc
Chett,Chett,Misc
Chiggen,Chiggen,Misc
Chiswyck,Chiswyck,Misc
Clarence-Crabb,Clarence Crabb,Misc
Clayton-Suggs,Clayton Suggs,Misc
Clement-Piper,Clement Piper,Misc
Cleon,Cleon,Misc
Cleos-Frey,Cleos Frey,Misc
Cletus-Yronwood,Cletus Yronwood,Misc
Cley-Cerwyn,Cley Cerwyn,Misc
Clubfoot-Karl,Clubfoot Karl,Misc
Clydas,Clydas,Misc
Cohollo,Cohollo,Misc
Coldhands,Coldhands,Misc
Colemon,Colemon,Misc
Colen-of-Greenpools,Colen of Greenpools,Misc
Conn,Conn,Misc
Coratt,Coratt,Misc
Corliss-Penny,Corliss Penny,Misc
Cortnay-Penrose,Cortnay Penrose,Misc
Cotter-Pyke,Cotter Pyke,Misc
Craster,Craster,Misc
Creighton-Longbough,Creighton Longbough,Misc
Cressen,Cressen,Misc
Cromm,Cromm,Misc
Cutjack,Cutjack,Misc
Daario-Naharis,Daario Naharis,Misc
Dacey-Mormont,Dacey Mormont,Misc
Daemon-Sand,Daemon Sand,Misc
Daenerys-Targaryen,Daenerys Targaryen,Targaryen
Daeron-I-Targaryen,Daeron I Targaryen,Targaryen
Daeron-II-Targaryen,Daeron II Targaryen,Targaryen
Dagmer,Dagmer,Misc
Dalbridge,Dalbridge,Misc
Dalla,Dalla,Misc
Damon-Dance-for-Me,Damon Dance for Me,Misc
Dancy,Dancy,Misc
Danwell-Frey,Danwell Frey,Misc
Dareon,Dareon,Misc
Daryn-Hornwood,Daryn Hornwood,Misc
Daven-Lannister,Daven Lannister,Lannister
Davos-Seaworth,Davos Seaworth,Misc
Denyo-Terys,Denyo Terys,Misc
Denys-Darklyn,Denys Darklyn,Misc
Denys-Mallister,Denys Mallister,Misc
Denzo-Dhan,Denzo Dhan,Misc
Desmond,Desmond,Misc
Desmond-Grell,Desmond Grell,Misc
Devan-Seaworth,Devan Seaworth,Misc
Dick-Crabb,Dick Crabb,Misc
Dick-Follard,Dick Follard,Misc
Dick-Straw,Dick Straw,Misc
Dirk,Dirk,Misc
Dobber,Dobber,Misc
Dolf,Dolf,Misc
Donal-Noye,Donal Noye,Misc
Donella-Hornwood,Donella Hornwood,Misc
Donnel-Waynwood,Donnel Waynwood,Misc
Dontos-Hollard,Dontos Hollard,Misc
Doran-Martell,Doran Martell,Martell
Dorcas,Dorcas,Misc
Doreah,Doreah,Misc
Draqaz,Draqaz,Misc
Drennan,Drennan,Misc
Drogo,Drogo,Misc
Dryn,Dryn,Misc
Dunsen,Dunsen,Misc
Dunstan-Drumm,Dunstan Drumm,Misc
Dywen,Dywen,Misc
Ebben,Ebben,Misc
Eddard-Stark,Eddard Stark,Stark
Eddison-Tollett,Eddison Tollett,Misc
Edmure-Tully,Edmure Tully,Tully
Edric-Storm,Edric Storm,Misc
Edwyn-Frey,Edwyn Frey,Misc
Elbert-Arryn,Elbert Arryn,Arryn
Elder-Brother,Elder Brother,Misc
Eldon-Estermont,Eldon Estermont,Misc
Elia-Martell,Elia Martell,Martell
Elinor-Tyrell,Elinor Tyrell,Tyrell
Ellaria-Sand,Ellaria Sand,Misc
Elmar-Frey,Elmar Frey,Misc
Elys-Waynwood,Elys Waynwood,Misc
Emmett,Emmett,Misc
Emmon-Cuy,Emmon Cuy,Misc
Emmon-Frey,Emmon Frey,Misc
Emmond,Emmond,Misc
Emrick,Emrick,Misc
Eon-Hunter,Eon Hunter,Misc
Eroeh,Eroeh,Misc
Errok,Errok,Misc
Euron-Greyjoy,Euron Greyjoy,Greyjoy
Eustace-Brune,Eustace Brune,Misc
Ezzara,Ezzara,Misc
Falyse-Stokeworth,Falyse Stokeworth,Misc
Farlen,Farlen,Misc
Florian-the-Fool,Florian the Fool,Misc
Fogo,Fogo,Misc
Forley-Prester,Forley Prester,Misc
Franklyn-Flowers,Franklyn Flowers,Misc
Franklyn-Fowler,Franklyn Fowler,Misc
Frenken,Frenken,Misc
Frenya,Frenya,Misc
Fulk,Fulk,Misc
Galazza-Galare,Galazza Galare,Misc
Galbart-Glover,Galbart Glover,Misc
Galyeon-of-Cuy,Galyeon of Cuy,Misc
Gared,Gared,Misc
Garin-(orphan),Garin (orphan),Misc
Gariss,Gariss,Misc
Garlan-Tyrell,Garlan Tyrell,Tyrell
Garrett-Paege,Garrett Paege,Misc
Garth-(Wolfs-Den),Garth (Wolfs Den),Misc
Garth-Greyfeather,Garth Greyfeather,Misc
Garth-Tyrell,Garth Tyrell,Tyrell
Gawen-Westerling,Gawen Westerling,Misc
Gelmarr,Gelmarr,Misc
Gendel,Gendel,Misc
Gendry,Gendry,Misc
Genna-Lannister,Genna Lannister,Lannister
Gerald-Gower,Gerald Gower,Misc
Gerold-Dayne,Gerold Dayne,Misc
Gerold-Grafton,Gerold Grafton,Misc
Gerold-Hightower,Gerold Hightower,Misc
Gerrick-Kingsblood,Gerrick Kingsblood,Misc
Gerris-Drinkwater,Gerris Drinkwater,Misc
Ghael,Ghael,Misc
Gilly,Gilly,Misc
Gilwood-Hunter,Gilwood Hunter,Misc
Godric-Borrell,Godric Borrell,Misc
Godry-Farring,Godry Farring,Misc
Goghor-the-Giant,Goghor the Giant,Misc
Gormon-Tyrell,Gormon Tyrell,Tyrell
Gormond-Goodbrother,Gormond Goodbrother,Misc
Gorne,Gorne,Misc
Gorold-Goodbrother,Gorold Goodbrother,Misc
Grazdan-mo-Eraz,Grazdan mo Eraz,Misc
Grazhar,Grazhar,Misc
Greenbeard,Greenbeard,Misc
Gregor-Clegane,Gregor Clegane,Misc
Grenn,Grenn,Misc
Gretchel,Gretchel,Misc
Grey-Worm,Grey Worm,Misc
Greydon-Goodbrother,Greydon Goodbrother,Misc
Grigg,Grigg,Misc
Grimtongue,Grimtongue,Misc
Grisel,Grisel,Misc
Groleo,Groleo,Misc
Grunt,Grunt,Misc
Guncer-Sunglass,Guncer Sunglass,Misc
Gunthor-son-of-Gurn,Gunthor son of Gurn,Misc
Guyard-Morrigen,Guyard Morrigen,Misc
Gyles-Grafton,Gyles Grafton,Misc
Gyles-Rosby,Gyles Rosby,Misc
Gynir,Gynir,Misc
Hagen,Hagen,Misc
Haggo,Haggo,Misc
Haggon,Haggon,Misc
Hairy-Hal,Hairy Hal,Misc
Hake,Hake,Misc
Halder,Halder,Misc
Haldon,Haldon,Misc
Hali,Hali,Misc
Hallis-Mollen,Hallis Mollen,Misc
Hallyne,Hallyne,Misc
Halys-Hornwood,Halys Hornwood,Misc
Hareth-(Moles-Town),Hareth (Moles Town),Misc
Harl,Harl,Misc
Harma,Harma,Misc
Harra,Harra,Misc
Harras-Harlaw,Harras Harlaw,Misc
Harren-Hoare,Harren Hoare,Misc
Harrold-Hardyng,Harrold Hardyng,Misc
Harry-Strickland,Harry Strickland,Misc
Harwin,Harwin,Misc
Harwood-Stout,Harwood Stout,Misc
Harys-Swyft,Harys Swyft,Misc
Hayhead,Hayhead,Misc
Helman-Tallhart,Helman Tallhart,Misc
Hero,Hero,Misc
Heward,Heward,Misc
High-Septon-(fat_one),High Septon (fat one),Misc
High-Septon-(Tyrions),High Septon (Tyrions),Misc
High-Sparrow,High Sparrow,Misc
Hizdahr-zo-Loraq,Hizdahr zo Loraq,Misc
Hobb,Hobb,Misc
Hobber-Redwyne,Hobber Redwyne,Misc
Hodor,Hodor,Misc
Holly,Holly,Misc
Hop-Robin,Hop Robin,Misc
Horas-Redwyne,Horas Redwyne,Misc
Horton-Redfort,Horton Redfort,Misc
Hosteen-Frey,Hosteen Frey,Misc
Hoster-Blackwood,Hoster Blackwood,Misc
Hoster-Tully,Hoster Tully,Tully
Hot-Pie,Hot Pie,Misc
Hother-Umber,Hother Umber,Misc
Hotho-Harlaw,Hotho Harlaw,Misc
Howland-Reed,Howland Reed,Misc
Hugh,Hugh,Misc
Hugh-Hungerford,Hugh Hungerford,Misc
Hugo-Vance,Hugo Vance,Misc
Hullen,Hullen,Misc
Humfrey-Hewett,Humfrey Hewett,Misc
Husband,Husband,Misc
Hyle-Hunt,Hyle Hunt,Misc
Illifer,Illifer,Misc
Illyrio-Mopatis,Illyrio Mopatis,Misc
Ilyn-Payne,Ilyn Payne,Misc
Imry-Florent,Imry Florent,Misc
Irri,Irri,Misc
Jacelyn-Bywater,Jacelyn Bywater,Misc
Jack-Be-Lucky,Jack Be Lucky,Misc
Jack-Bulwer,Jack Bulwer,Misc
Jacks,Jacks,Misc
Jaehaerys-I-Targaryen,Jaehaerys I Targaryen,Targaryen
Jafer-Flowers,Jafer Flowers,Misc
Jaime-Lannister,Jaime Lannister,Lannister
Jalabhar-Xho,Jalabhar Xho,Misc
Janos-Slynt,Janos Slynt,Misc
Jaqen-Hghar,Jaqen Hghar,Misc
Jared-Frey,Jared Frey,Misc
Jaremy-Rykker,Jaremy Rykker,Misc
Jarl,Jarl,Misc
Jarman-Buckwell,Jarman Buckwell,Misc
Jason-Mallister,Jason Mallister,Misc
Jeor-Mormont,Jeor Mormont,Misc
Jeyne-Farman,Jeyne Farman,Misc
Jeyne-Heddle,Jeyne Heddle,Misc
Jeyne-Poole,Jeyne Poole,Misc
Jeyne-Westerling,Jeyne Westerling,Misc
Jhiqui,Jhiqui,Misc
Jhogo,Jhogo,Misc
Joanna-Lannister,Joanna Lannister,Lannister
Jocelyn-Swyft,Jocelyn Swyft,Misc
Joffrey-Baratheon,Joffrey Baratheon,Baratheon
Jojen-Reed,Jojen Reed,Misc
Jommo,Jommo,Misc
Jon-Arryn,Jon Arryn,Arryn
Jon-Connington,Jon Connington,Misc
Jon-Fossoway,Jon Fossoway,Misc
Jon-Snow,Jon Snow,Stark
Jon-Umber-(Greatjon),Jon Umber (Greatjon),Misc
Jon-Umber-(Smalljon),Jon Umber (Smalljon),Misc
Jonos-Bracken,Jonos Bracken,Misc
Jonothor-Darry,Jonothor Darry,Misc
Jonquil,Jonquil,Misc
Jorah-Mormont,Jorah Mormont,Misc
Joramun,Joramun,Misc
Jory-Cassel,Jory Cassel,Misc
Joseth,Joseth,Misc
Josmyn-Peckledon,Josmyn Peckledon,Misc
Joss,Joss,Misc
Joy-Hill,Joy Hill,Misc
Justin-Massey,Justin Massey,Misc
Jyck,Jyck,Misc
Karyl-Vance,Karyl Vance,Misc
Kasporio,Kasporio,Misc
Kedry,Kedry,Misc
Kegs,Kegs,Misc
Kella,Kella,Misc
Kerwin,Kerwin,Misc
Kevan-Lannister,Kevan Lannister,Lannister
Khorane-Sathmantes,Khorane Sathmantes,Misc
Khrazz,Khrazz,Misc
Kindly-Man,Kindly Man,Misc
Kojja-Mo,Kojja Mo,Misc
Koss,Koss,Misc
Kraznys-mo-Nakloz,Kraznys mo Nakloz,Misc
Kurleket,Kurleket,Misc
Kurz,Kurz,Misc
Kyra,Kyra,Misc
Lambert-Turnberry,Lambert Turnberry,Misc
Lamprey,Lamprey,Misc
Lancel-Lannister,Lancel Lannister,Lannister
Lanna-(Happy-Port),Lanna (Happy Port),Misc
Lark,Lark,Misc
Larraq,Larraq,Misc
Leaf,Leaf,Misc
Leathers,Leathers,Misc
Lem,Lem,Misc
Lemore,Lemore,Misc
Leo-Lefford,Leo Lefford,Misc
Leo-Tyrell,Leo Tyrell,Tyrell
Leobald-Tallhart,Leobald Tallhart,Misc
Leona-Woolfield,Leona Woolfield,Misc
Leonette-Fossoway,Leonette Fossoway,Misc
Lewyn-Martell,Lewyn Martell,Martell
Lewys-Piper,Lewys Piper,Misc
Lollys-Stokeworth,Lollys Stokeworth,Misc
Lommy-Greenhands,Lommy Greenhands,Misc
Longwater-Pyke,Longwater Pyke,Misc
Loras-Tyrell,Loras Tyrell,Tyrell
Lorent-Caswell,Lorent Caswell,Misc
Lorren,Lorren,Misc
Lothar-Frey,Lothar Frey,Misc
Lothor-Brune,Lothor Brune,Misc
Lucas-Codd,Lucas Codd,Misc
Lucifer-Long,Lucifer Long,Misc
Luton,Luton,Misc
Luwin,Luwin,Misc
Lyanna-Mormont,Lyanna Mormont,Misc
Lyanna-Stark,Lyanna Stark,Stark
Lyle-Crakehall,Lyle Crakehall,Misc
Lyn-Corbray,Lyn Corbray,Misc
Lynesse-Hightower,Lynesse Hightower,Misc
Lyonel-Corbray,Lyonel Corbray,Misc
Lysa-Arryn,Lysa Arryn,Arryn
Lysono-Maar,Lysono Maar,Misc
Mace-Tyrell,Mace Tyrell,Tyrell
Mad-Huntsman,Mad Huntsman,Misc
Maddy,Maddy,Misc
Maege-Mormont,Maege Mormont,Misc
Maegor-I-Targaryen,Maegor I Targaryen,Targaryen
Maekar-I-Targaryen,Maekar I Targaryen,Targaryen
Mag-Mar-Tun-Doh-Weg,Mag Mar Tun Doh Weg,Misc
Maggy,Maggy,Misc
Malaquo-Maegyr,Malaquo Maegyr,Misc
Malegorn,Malegorn,Misc
Mallador-Locke,Mallador Locke,Misc
Mance-Rayder,Mance Rayder,Misc
Mandon-Moore,Mandon Moore,Misc
Manfrey-Martell,Manfrey Martell,Martell
Margaery-Tyrell,Margaery Tyrell,Tyrell
Marghaz-zo-Loraq,Marghaz zo Loraq,Misc
Marillion,Marillion,Misc
Mariya-Darry,Mariya Darry,Misc
Mark-Mullendore,Mark Mullendore,Misc
Marlon-Manderly,Marlon Manderly,Misc
Maron-Greyjoy,Maron Greyjoy,Greyjoy
Marq-Piper,Marq Piper,Misc
Marselen,Marselen,Misc
Martyn-Lannister,Martyn Lannister,Lannister
Martyn-Rivers,Martyn Rivers,Misc
Marwyn,Marwyn,Misc
Marya-Seaworth,Marya Seaworth,Misc
Masha-Heddle,Masha Heddle,Misc
Mathis-Rowan,Mathis Rowan,Misc
Matthar,Matthar,Misc
Matthos-Seaworth,Matthos Seaworth,Misc
Mebble,Mebble,Misc
Meera-Reed,Meera Reed,Misc
Megga-Tyrell,Megga Tyrell,Tyrell
Melara-Hetherspoon,Melara Hetherspoon,Misc
Meldred-Merlyn,Meldred Merlyn,Misc
Melisandre,Melisandre,Misc
Mellei,Mellei,Misc
Meralyn,Meralyn,Misc
Meribald,Meribald,Misc
Meris,Meris,Misc
Mero,Mero,Misc
Merrett-Frey,Merrett Frey,Misc
Merrit,Merrit,Misc
Meryn-Trant,Meryn Trant,Misc
Mezzara,Mezzara,Misc
Mikken,Mikken,Misc
Miklaz,Miklaz,Misc
Mirri-Maz-Duur,Mirri Maz Duur,Misc
Missandei,Missandei,Misc
Moelle,Moelle,Misc
Mollander,Mollander,Misc
Monford-Velaryon,Monford Velaryon,Misc
Moon-Boy,Moon Boy,Misc
Moqorro,Moqorro,Misc
Mord,Mord,Misc
Mordane,Mordane,Misc
Moreo-Tumitis,Moreo Tumitis,Misc
Morgo,Morgo,Misc
Morra,Morra,Misc
Morrec,Morrec,Misc
Mors-Umber,Mors Umber,Misc
Mully,Mully,Misc
Munda,Munda,Misc
Murch,Murch,Misc
Murenmure,Murenmure,Misc
Mya-Stone,Mya Stone,Misc
Mycah,Mycah,Misc
Mychel-Redfort,Mychel Redfort,Misc
Myles-Toyne,Myles Toyne,Misc
Myranda-Royce,Myranda Royce,Misc
Myrcella-Baratheon,Myrcella Baratheon,Baratheon
Nage,Nage,Misc
Nan,Nan,Misc
Narbert,Narbert,Misc
Narbert-Grandison,Narbert Grandison,Misc
Nestor-Royce,Nestor Royce,Misc
Nurse,Nurse,Misc
Nute,Nute,Misc
Nyessos-Vhassar,Nyessos Vhassar,Misc
Nymeria-Sand,Nymeria Sand,Misc
Obara-Sand,Obara Sand,Misc
Oberyn-Martell,Oberyn Martell,Martell
Ogo,Ogo,Misc
Old-Bill-Bone,Old Bill Bone,Misc
Olenna-Redwyne,Olenna Redwyne,Misc
Olyvar-Frey,Olyvar Frey,Misc
Orell,Orell,Misc
Orton-Merryweather,Orton Merryweather,Misc
Osfryd-Kettleblack,Osfryd Kettleblack,Misc
Osha,Osha,Misc
Osmund-Kettleblack,Osmund Kettleblack,Misc
Osney-Kettleblack,Osney Kettleblack,Misc
Oswell-Kettleblack,Oswell Kettleblack,Misc
Oswell-Whent,Oswell Whent,Misc
Othell-Yarwyck,Othell Yarwyck,Misc
Othor,Othor,Misc
Ottyn-Wythers,Ottyn Wythers,Misc
Owen,Owen,Misc
Owen-Merryweather,Owen Merryweather,Misc
Oznak-zo-Pahl,Oznak zo Pahl,Misc
Palla,Palla,Misc
Patchface,Patchface,Misc
Pate-(novice),Pate (novice),Misc
Pate-(Old),Pate (Old),Misc
Pate-(whipping-boy),Pate (whipping boy),Misc
Patrek-of-Kings-Mountain,Patrek of Kings Mountain,Misc
Paxter-Redwyne,Paxter Redwyne,Misc
Penny,Penny,Misc
Perwyn-Frey,Perwyn Frey,Misc
Petyr-Baelish,Petyr Baelish,Misc
Petyr-Frey,Petyr Frey,Misc
Pia,Pia,Misc
Podrick-Payne,Podrick Payne,Misc
Polliver,Polliver,Misc
Pono,Pono,Misc
Porridge,Porridge,Misc
Porther,Porther,Misc
Poxy-Tym,Poxy Tym,Misc
Praed,Praed,Misc
Prendahl-na-Ghezn,Prendahl na Ghezn,Misc
Preston-Greenfield,Preston Greenfield,Misc
Puckens,Puckens,Misc
Pyat-Pree,Pyat Pree,Misc
Pycelle,Pycelle,Misc
Pyg,Pyg,Misc
Pylos,Pylos,Misc
Pypar,Pypar,Misc
Qarl-the-Maid,Qarl the Maid,Misc
Qavo-Nogarys,Qavo Nogarys,Misc
Qezza,Qezza,Misc
Qhorin-Halfhand,Qhorin Halfhand,Misc
Qotho,Qotho,Misc
Quaithe,Quaithe,Misc
Quaro,Quaro,Misc
Quellon-Greyjoy,Quellon Greyjoy,Greyjoy
Quentyn-Martell,Quentyn Martell,Martell
Quhuru-Mo,Quhuru Mo,Misc
Quill,Quill,Misc
Qyburn,Qyburn,Misc
Rafford,Rafford,Misc
Ragwyle,Ragwyle,Misc
Rakharo,Rakharo,Misc
Ralf-(Limper),Ralf (Limper),Misc
Ralf-Stonehouse,Ralf Stonehouse,Misc
Ramsay-Snow,Ramsay Snow,Misc
Randyll-Tarly,Randyll Tarly,Misc
Rast,Rast,Misc
Rattleshirt,Rattleshirt,Misc
Ravella-Swann,Ravella Swann,Misc
Raymun-Darry,Raymun Darry,Misc
Raymun-Redbeard,Raymun Redbeard,Misc
Raynald-Westerling,Raynald Westerling,Misc
Raynard,Raynard,Misc
Red-Oarsman,Red Oarsman,Misc
Reek,Reek,Misc
Renly-Baratheon,Renly Baratheon,Baratheon
Rennifer-Longwaters,Rennifer Longwaters,Misc
Reznak-mo-Reznak,Reznak mo Reznak,Misc
Rhaegar-Frey,Rhaegar Frey,Misc
Rhaegar-Targaryen,Rhaegar Targaryen,Targaryen
Rhaegel-Targaryen,Rhaegel Targaryen,Targaryen
Rhaego,Rhaego,Misc
Rhaella-Targaryen,Rhaella Targaryen,Targaryen
Rhaenys-Targaryen,Rhaenys Targaryen,Targaryen
Rhaenys-Targaryen-(daughter-of-Rhaegar),Rhaenys Targaryen (daughter of Rhaegar),Targaryen
Ricasso,Ricasso,Misc
Richard-Horpe,Richard Horpe,Misc
Rickard-Karstark,Rickard Karstark,Misc
Rickard-Stark,Rickard Stark,Stark
Rickon-Stark,Rickon Stark,Stark
Robar-Royce,Robar Royce,Misc
Robb-Stark,Robb Stark,Stark
Robert-Arryn,Robert Arryn,Arryn
Robert-Baratheon,Robert Baratheon,Baratheon
Robert-Strong,Robert Strong,Misc
Robett-Glover,Robett Glover,Misc
Robin-Flint,Robin Flint,Misc
Robin-Ryger,Robin Ryger,Misc
Rodrik-Cassel,Rodrik Cassel,Misc
Rodrik-Harlaw,Rodrik Harlaw,Misc
Rodrik-Sparr,Rodrik Sparr,Misc
Roger-Ryswell,Roger Ryswell,Misc
Rolfe-the-Dwarf,Rolfe the Dwarf,Misc
Rollam-Westerling,Rollam Westerling,Misc
Rolly-Duckfield,Rolly Duckfield,Misc
Rolph-Spicer,Rolph Spicer,Misc
Ronnet-Connington,Ronnet Connington,Misc
Roone,Roone,Misc
Roose-Bolton,Roose Bolton,Misc
Roose-Ryswell,Roose Ryswell,Misc
Rorge,Rorge,Misc
Rory,Rory,Misc
Rosey,Rosey,Misc
Roslin-Frey,Roslin Frey,Misc
Rossart,Rossart,Misc
Rowan,Rowan,Misc
Rugen,Rugen,Misc
Rus,Rus,Misc
Ryk,Ryk,Misc
Ryman-Frey,Ryman Frey,Misc
Salladhor-Saan,Salladhor Saan,Misc
Sallor,Sallor,Misc
Samwell-Tarly,Samwell Tarly,Misc
Sandor-Clegane,Sandor Clegane,Misc
Sansa-Stark,Sansa Stark,Stark
Sarella-Sand,Sarella Sand,Misc
Satin,Satin,Misc
Sawane-Botley,Sawane Botley,Misc
Scar,Scar,Misc
Scolera,Scolera,Misc
Selwyn-Tarth,Selwyn Tarth,Misc
Selyse-Florent,Selyse Florent,Misc
Senelle,Senelle,Misc
Shadd,Shadd,Misc
Shadrich,Shadrich,Misc
Shae,Shae,Misc
Shagga,Shagga,Misc
Shagwell,Shagwell,Misc
Sharna,Sharna,Misc
Shireen-Baratheon,Shireen Baratheon,Baratheon
Shitmouth,Shitmouth,Misc
Shortear,Shortear,Misc
Shrouded-Lord,Shrouded Lord,Misc
Sigfryd-Harlaw,Sigfryd Harlaw,Misc
Sigorn,Sigorn,Misc
Simon-Toyne,Simon Toyne,Misc
Skahaz-mo-Kandaq,Skahaz mo Kandaq,Misc
Skinner,Skinner,Misc
Small-Paul,Small Paul,Misc
Smiling-Knight,Smiling Knight,Misc
Softfoot,Softfoot,Misc
Soren-Shieldbreaker,Soren Shieldbreaker,Misc
Sour-Alyn,Sour Alyn,Misc
Spare-Boot,Spare Boot,Misc
Spotted-Cat,Spotted Cat,Misc
Squint,Squint,Misc
Squirrel,Squirrel,Misc
Stafford-Lannister,Stafford Lannister,Lannister
Stannis-Baratheon,Stannis Baratheon,Baratheon
Steelskin,Steelskin,Misc
Steffon-Baratheon,Steffon Baratheon,Baratheon
Steffon-Varner,Steffon Varner,Misc
Stevron-Frey,Stevron Frey,Misc
Stiv,Stiv,Misc
Stonesnake,Stonesnake,Misc
Stygg,Stygg,Misc
Styr,Styr,Misc
Sweets,Sweets,Misc
Sybell-Spicer,Sybell Spicer,Misc
Sybelle-Glover,Sybelle Glover,Misc
Sylva-Santagar,Sylva Santagar,Misc
Symon-Silver-Tongue,Symon Silver Tongue,Misc
Symon-Stripeback,Symon Stripeback,Misc
Symond-Templeton,Symond Templeton,Misc
Syrio-Forel,Syrio Forel,Misc
Taena-of-Myr,Taena of Myr,Misc
Talbert-Serry,Talbert Serry,Misc
Talea,Talea,Misc
Tallad,Tallad,Misc
Tanda-Stokeworth,Tanda Stokeworth,Misc
Tansy,Tansy,Misc
Tarber,Tarber,Misc
Tattered-Prince,Tattered Prince,Misc
Ternesio-Terys,Ternesio Terys,Misc
Terrance-Lynderly,Terrance Lynderly,Misc
Theobald,Theobald,Misc
Theomore,Theomore,Misc
Theon-Greyjoy,Theon Greyjoy,Greyjoy
Thistle,Thistle,Misc
Thoren-Smallwood,Thoren Smallwood,Misc
Thoros-of-Myr,Thoros of Myr,Misc
Tickler,Tickler,Misc
Timeon,Timeon,Misc
Timett,Timett,Misc
Timoth,Timoth,Misc
Tion-Frey,Tion Frey,Misc
Tobho-Mott,Tobho Mott,Misc
Todder,Todder,Misc
Tom-Barleycorn,Tom Barleycorn,Misc
Tom-of-Sevenstreams,Tom of Sevenstreams,Misc
Tomard,Tomard,Misc
Tommen-Baratheon,Tommen Baratheon,Baratheon
Torbert,Torbert,Misc
Toregg,Toregg,Misc
Torghen-Flint,Torghen Flint,Misc
Torgon-Greyiron,Torgon Greyiron,Misc
Tormund,Tormund,Misc
Torrhen-Karstark,Torrhen Karstark,Misc
Torrhen-Stark,Torrhen Stark,Stark
Torwold-Browntooth,Torwold Browntooth,Misc
Tregar,Tregar,Misc
Tristifer-Botley,Tristifer Botley,Misc
Tristifer-IV-Mudd,Tristifer IV Mudd,Misc
Trystane-Martell,Trystane Martell,Martell
Tybero-Istarion,Tybero Istarion,Misc
Tycho-Nestoris,Tycho Nestoris,Misc
Tyene-Sand,Tyene Sand,Misc
Tyrion-Lannister,Tyrion Lannister,Lannister
Tysha,Tysha,Misc
Tytos-Blackwood,Tytos Blackwood,Misc
Tywin-Lannister,Tywin Lannister,Lannister
Ulf-son-of-Umar,Ulf son of Umar,Misc
Ulmer,Ulmer,Misc
Umma,Umma,Misc
Unella,Unella,Misc
Urswyck,Urswyck,Misc
Urzen,Urzen,Misc
Utherydes-Wayn,Utherydes Wayn,Misc
Val,Val,Misc
Varamyr,Varamyr,Misc
Vardis-Egen,Vardis Egen,Misc
Vargo-Hoat,Vargo Hoat,Misc
Varly,Varly,Misc
Varys,Varys,Misc
Vayon-Poole,Vayon Poole,Misc
Victarion-Greyjoy,Victarion Greyjoy,Greyjoy
Visenya-Targaryen,Visenya Targaryen,Targaryen
Viserys-Targaryen,Viserys Targaryen,Targaryen
Vylarr,Vylarr,Misc
Vyman,Vyman,Misc
Waif,Waif,Misc
Walda-Frey-(daughter-of-Merrett),Walda Frey (daughter of Merrett),Misc
Walder-Frey,Walder Frey,Misc
Walder-Frey-(son-of-Jammos),Walder Frey (son of Jammos),Misc
Walder-Frey-(son-of-Merrett),Walder Frey (son of Merrett),Misc
Walder-Rivers,Walder Rivers,Misc
Walgrave,Walgrave,Misc
Walton,Walton,Misc
Watt,Watt,Misc
Waymar-Royce,Waymar Royce,Misc
Weasel,Weasel,Misc
Weeper,Weeper,Misc
Weese,Weese,Misc
Wendel-Manderly,Wendel Manderly,Misc
Werlag,Werlag,Misc
Wex-Pyke,Wex Pyke,Misc
Wick-Whittlestick,Wick Whittlestick,Misc
Widower,Widower,Misc
Will-(prologue),Will (prologue),Misc
Willam-Dustin,Willam Dustin,Misc
Willas-Tyrell,Willas Tyrell,Tyrell
Willem-Lannister,Willem Lannister,Lannister
William-Foxglove,William Foxglove,Misc
Willis-Wode,Willis Wode,Misc
Willow-Heddle,Willow Heddle,Misc
Willow-Witch-eye,Willow Witch eye,Misc
Woth,Woth,Misc
Wulfe,Wulfe,Misc
Wun-Weg-Wun-Dar-Wun,Wun Weg Wun Dar Wun,Misc
Wyl-(guard),Wyl (guard),Misc
Wylis-Manderly,Wylis Manderly,Misc
Wylla,Wylla,Misc
Wyman-Manderly,Wyman Manderly,Misc
Wynton-Stout,Wynton Stout,Misc
Xaro-Xhoan-Daxos,Xaro Xhoan Daxos,Misc
Xhondo,Xhondo,Misc
Yandry,Yandry,Misc
Yellow-Dick,Yellow Dick,Misc
Yezzan-zo-Qaggaz,Yezzan zo Qaggaz,Misc
Ygritte,Ygritte,Misc
Yohn-Royce,Yohn Royce,Misc
Yoren,Yoren,Misc
Yorko-Terys,Yorko Terys,Misc
Ysilla,Ysilla,Misc
Yurkhaz-zo-Yunzak,Yurkhaz zo Yunzak,Misc
Zei,Zei,Misc
Zollo,Zollo,Misc
