interaction_id,source,target,weight,book
1,Aegon-I-Targaryen,Harren-Hoare,4,2
2,Aegon-I-Targaryen,Nan,3,2
3,Aegon-I-Targaryen,Rhaenys-Targaryen,4,2
4,Aegon-I-Targaryen,Tyrion-Lannister,3,2
5,Aegon-I-Targaryen,Visenya-Targaryen,3,2
6,Aegon-V-Targaryen,Aemon-Targaryen-(Maester-Aemon),3,2
7,Aemon-Targaryen-(Maester-Aemon),Daeron-II-Targaryen,3,2
8,Aemon-Targaryen-(Maester-Aemon),Jeor-Mormont,9,2
9,Aemon-Targaryen-(Maester-Aemon),Jon-Snow,11,2
10,Aemon-Targaryen-(Maester-Aemon),Maekar-I-Targaryen,3,2
11,Aemon-Targaryen-(Maester-Aemon),Samwell-Tarly,5,2
12,Aenys-Frey,Arya-Stark,6,2
13,Aeron-Greyjoy,Dagmer,5,2
14,Aeron-Greyjoy,Theon-Greyjoy,17,2
15,Aerys-I-Targaryen,Robert-Baratheon,3,2
16,Aerys-II-Targaryen,Eddard-Stark,5,2
17,Aerys-II-Targaryen,Jaime-Lannister,4,2
18,Aerys-II-Targaryen,Rhaegar-Targaryen,4,2
19,Aerys-II-Targaryen,Robert-Baratheon,6,2
20,Aerys-II-Targaryen,Tyrion-Lannister,3,2
21,Aggar,Gariss,3,2
22,Aggar,Gelmarr,3,2
23,Aggar,Gynir,3,2
24,Aggar,Ramsay-Snow,4,2
25,Aggo,Belwas,3,2
26,Aggo,Daenerys-Targaryen,10,2
27,Aggo,Jhogo,12,2
28,Aggo,Jorah-Mormont,4,2
29,Aggo,Rakharo,4,2
30,Alayaya,Dancy,3,2
31,Alayaya,Tyrion-Lannister,3,2
32,Alebelly,Bran-Stark,7,2
33,Alebelly,Hayhead,3,2
34,Alebelly,Jojen-Reed,6,2
35,Alebelly,Mikken,3,2
36,Alester-Florent,Cortnay-Penrose,4,2
37,Alester-Florent,Davos-Seaworth,3,2
38,Alester-Florent,Renly-Baratheon,3,2
39,Alester-Florent,Stannis-Baratheon,5,2
40,Allar-Deem,Janos-Slynt,3,2
41,Allar-Deem,Tyrion-Lannister,4,2
42,Allard-Seaworth,Davos-Seaworth,5,2
43,Allard-Seaworth,Marya-Seaworth,5,2
44,Allard-Seaworth,Stannis-Baratheon,3,2
45,Alliser-Thorne,Jeor-Mormont,3,2
46,Alliser-Thorne,Joffrey-Baratheon,4,2
47,Alliser-Thorne,Jon-Snow,3,2
48,Alliser-Thorne,Tyrion-Lannister,8,2
49,Amabel,Arya-Stark,6,2
50,Amabel,Harra,4,2
51,Amory-Lorch,Arya-Stark,9,2
52,Amory-Lorch,Cersei-Lannister,4,2
53,Amory-Lorch,Chiswyck,4,2
54,Amory-Lorch,Dunsen,3,2
55,Amory-Lorch,Gendry,3,2
56,Amory-Lorch,Gregor-Clegane,7,2
57,Amory-Lorch,Hot-Pie,3,2
58,Amory-Lorch,Ilyn-Payne,4,2
59,Amory-Lorch,Joffrey-Baratheon,7,2
60,Amory-Lorch,Meryn-Trant,5,2
61,Amory-Lorch,Polliver,3,2
62,Amory-Lorch,Rafford,5,2
63,Amory-Lorch,Roose-Bolton,3,2
64,Amory-Lorch,Sandor-Clegane,5,2
65,Amory-Lorch,Tickler,5,2
66,Amory-Lorch,Tywin-Lannister,4,2
67,Amory-Lorch,Vargo-Hoat,7,2
68,Amory-Lorch,Yoren,5,2
69,Ardrian-Celtigar,Monford-Velaryon,5,2
70,Aron-Santagar,Sandor-Clegane,3,2
71,Arwyn-Oakheart,Randyll-Tarly,3,2
72,Arya-Stark,Beric-Dondarrion,5,2
73,Arya-Stark,Biter,10,2
74,Arya-Stark,Bran-Stark,10,2
75,Arya-Stark,Cersei-Lannister,7,2
76,Arya-Stark,Chiswyck,8,2
77,Arya-Stark,Dobber,4,2
78,Arya-Stark,Dunsen,3,2
79,Arya-Stark,Eddard-Stark,6,2
80,Arya-Stark,Gendry,36,2
81,Arya-Stark,Gregor-Clegane,4,2
82,Arya-Stark,Harra,3,2
83,Arya-Stark,Harren-Hoare,7,2
84,Arya-Stark,Hot-Pie,51,2
85,Arya-Stark,Jaime-Lannister,3,2
86,Arya-Stark,Jaqen-Hghar,25,2
87,Arya-Stark,Joffrey-Baratheon,4,2
88,Arya-Stark,Jon-Snow,13,2
89,Arya-Stark,Koss,3,2
90,Arya-Stark,Lommy-Greenhands,31,2
91,Arya-Stark,Nan,5,2
92,Arya-Stark,Polliver,3,2
93,Arya-Stark,Praed,3,2
94,Arya-Stark,Rafford,5,2
95,Arya-Stark,Rickon-Stark,5,2
96,Arya-Stark,Robb-Stark,15,2
97,Arya-Stark,Robert-Baratheon,4,2
98,Arya-Stark,Roose-Bolton,13,2
99,Arya-Stark,Rorge,13,2
100,Arya-Stark,Sansa-Stark,20,2
101,Arya-Stark,Syrio-Forel,5,2
102,Arya-Stark,Tyrion-Lannister,4,2
103,Arya-Stark,Tywin-Lannister,13,2
104,Arya-Stark,Vargo-Hoat,6,2
105,Arya-Stark,Weasel,10,2
106,Arya-Stark,Weese,15,2
107,Arya-Stark,Woth,3,2
108,Arya-Stark,Yoren,28,2
109,Arys-Oakheart,Joffrey-Baratheon,6,2
110,Arys-Oakheart,Myrcella-Baratheon,4,2
111,Arys-Oakheart,Sansa-Stark,3,2
112,Asha-Greyjoy,Balon-Greyjoy,3,2
113,Asha-Greyjoy,Dagmer,5,2
114,Asha-Greyjoy,Theon-Greyjoy,35,2
115,Asha-Greyjoy,Wex-Pyke,3,2
116,Axell-Florent,Selyse-Florent,3,2
117,Axell-Florent,Stannis-Baratheon,6,2
118,Bael-the-Bard,Ygritte,5,2
119,Ballabar,Podrick-Payne,3,2
120,Ballabar,Tyrion-Lannister,12,2
121,Balon-Greyjoy,Catelyn-Stark,3,2
122,Balon-Greyjoy,Dagmer,3,2
123,Balon-Greyjoy,Eddard-Stark,4,2
124,Balon-Greyjoy,Robb-Stark,5,2
125,Balon-Greyjoy,Robert-Baratheon,4,2
126,Balon-Greyjoy,Theon-Greyjoy,27,2
127,Balon-Greyjoy,Victarion-Greyjoy,4,2
128,Balon-Swann,Joffrey-Baratheon,6,2
129,Balon-Swann,Mandon-Moore,3,2
130,Balon-Swann,Meryn-Trant,3,2
131,Balon-Swann,Osmund-Kettleblack,4,2
132,Balon-Swann,Tyrion-Lannister,8,2
133,Barristan-Selmy,Belwas,5,2
134,Barristan-Selmy,Cersei-Lannister,5,2
135,Barristan-Selmy,Daenerys-Targaryen,3,2
136,Barristan-Selmy,Joffrey-Baratheon,7,2
137,Barristan-Selmy,Robert-Baratheon,3,2
138,Barristan-Selmy,Varys,3,2
139,Belwas,Daenerys-Targaryen,5,2
140,Belwas,Jhogo,3,2
141,Belwas,Jorah-Mormont,4,2
142,Benfred-Tallhart,Helman-Tallhart,3,2
143,Benfred-Tallhart,Leobald-Tallhart,3,2
144,Benfred-Tallhart,Stygg,3,2
145,Benfred-Tallhart,Theon-Greyjoy,7,2
146,Benjen-Stark,Jeor-Mormont,5,2
147,Beric-Dondarrion,Thoros-of-Myr,3,2
148,Beth-Cassel,Bran-Stark,4,2
149,Beth-Cassel,Rodrik-Cassel,4,2
150,Beth-Cassel,Theon-Greyjoy,3,2
151,Biter,Jaqen-Hghar,12,2
152,Biter,Rorge,14,2
153,Biter,Yoren,3,2
154,Boros-Blount,Cersei-Lannister,7,2
155,Boros-Blount,Gyles-Rosby,5,2
156,Boros-Blount,Joffrey-Baratheon,11,2
157,Boros-Blount,Meryn-Trant,13,2
158,Boros-Blount,Sansa-Stark,8,2
159,Boros-Blount,Tanda-Stokeworth,3,2
160,Boros-Blount,Tommen-Baratheon,3,2
161,Boros-Blount,Tyrion-Lannister,8,2
162,Bran-Stark,Catelyn-Stark,3,2
163,Bran-Stark,Chayle,3,2
164,Bran-Stark,Cley-Cerwyn,5,2
165,Bran-Stark,Donella-Hornwood,5,2
166,Bran-Stark,Eddard-Stark,4,2
167,Bran-Stark,Hayhead,6,2
168,Bran-Stark,Hodor,59,2
169,Bran-Stark,Howland-Reed,3,2
170,Bran-Stark,Jojen-Reed,47,2
171,Bran-Stark,Jon-Snow,11,2
172,Bran-Stark,Luwin,51,2
173,Bran-Stark,Meera-Reed,36,2
174,Bran-Stark,Mikken,11,2
175,Bran-Stark,Nan,7,2
176,Bran-Stark,Osha,30,2
177,Bran-Stark,Poxy-Tym,3,2
178,Bran-Stark,Ramsay-Snow,7,2
179,Bran-Stark,Reek,3,2
180,Bran-Stark,Rickon-Stark,54,2
181,Bran-Stark,Robb-Stark,28,2
182,Bran-Stark,Rodrik-Cassel,34,2
183,Bran-Stark,Sansa-Stark,5,2
184,Bran-Stark,Stafford-Lannister,3,2
185,Bran-Stark,Theon-Greyjoy,24,2
186,Bran-Stark,Walder-Frey-(son-of-Jammos),5,2
187,Bran-Stark,Walder-Frey-(son-of-Merrett),12,2
188,Bran-Stark,Wyman-Manderly,6,2
189,Brienne-of-Tarth,Catelyn-Stark,36,2
190,Brienne-of-Tarth,Edmure-Tully,3,2
191,Brienne-of-Tarth,Emmon-Cuy,8,2
192,Brienne-of-Tarth,Jaime-Lannister,3,2
193,Brienne-of-Tarth,Renly-Baratheon,28,2
194,Brienne-of-Tarth,Robar-Royce,3,2
195,Brienne-of-Tarth,Robert-Baratheon,3,2
196,Brienne-of-Tarth,Selwyn-Tarth,4,2
197,Brienne-of-Tarth,Stannis-Baratheon,5,2
198,Brienne-of-Tarth,Vyman,3,2
199,Bronn,Cersei-Lannister,11,2
200,Bronn,Jacelyn-Bywater,7,2
201,Bronn,Joffrey-Baratheon,9,2
202,Bronn,Mandon-Moore,5,2
203,Bronn,Podrick-Payne,3,2
204,Bronn,Stannis-Baratheon,3,2
205,Bronn,Timett,5,2
206,Bronn,Tommen-Baratheon,3,2
207,Bronn,Tyrion-Lannister,40,2
208,Bronn,Varys,8,2
209,Bryce-Caron,Cortnay-Penrose,3,2
210,Bryce-Caron,Eldon-Estermont,3,2
211,Bryce-Caron,Guyard-Morrigen,5,2
212,Bryce-Caron,Renly-Baratheon,7,2
213,Bryce-Caron,Stannis-Baratheon,3,2
214,Brynden-Tully,Catelyn-Stark,5,2
215,Brynden-Tully,Robb-Stark,6,2
216,Brynden-Tully,Tywin-Lannister,3,2
217,Captain-Myraham,Theon-Greyjoy,4,2
218,Captain-Myraham-Daughter,Theon-Greyjoy,3,2
219,Catelyn-Stark,Cersei-Lannister,14,2
220,Catelyn-Stark,Cleos-Frey,5,2
221,Catelyn-Stark,Colen-of-Greenpools,6,2
222,Catelyn-Stark,Desmond-Grell,3,2
223,Catelyn-Stark,Eddard-Stark,12,2
224,Catelyn-Stark,Edmure-Tully,17,2
225,Catelyn-Stark,Hallis-Mollen,6,2
226,Catelyn-Stark,Hoster-Tully,5,2
227,Catelyn-Stark,Jaime-Lannister,16,2
228,Catelyn-Stark,Joffrey-Baratheon,4,2
229,Catelyn-Stark,Loras-Tyrell,6,2
230,Catelyn-Stark,Lysa-Arryn,7,2
231,Catelyn-Stark,Margaery-Tyrell,4,2
232,Catelyn-Stark,Mathis-Rowan,3,2
233,Catelyn-Stark,Randyll-Tarly,3,2
234,Catelyn-Stark,Renly-Baratheon,51,2
235,Catelyn-Stark,Rickon-Stark,3,2
236,Catelyn-Stark,Robar-Royce,7,2
237,Catelyn-Stark,Robb-Stark,27,2
238,Catelyn-Stark,Robert-Baratheon,5,2
239,Catelyn-Stark,Sansa-Stark,3,2
240,Catelyn-Stark,Stafford-Lannister,3,2
241,Catelyn-Stark,Stannis-Baratheon,20,2
242,Catelyn-Stark,Theon-Greyjoy,5,2
243,Catelyn-Stark,Tyrion-Lannister,10,2
244,Catelyn-Stark,Tywin-Lannister,14,2
245,Catelyn-Stark,Utherydes-Wayn,3,2
246,Catelyn-Stark,Vyman,4,2
247,Catelyn-Stark,Wendel-Manderly,7,2
248,Cersei-Lannister,Chiswyck,3,2
249,Cersei-Lannister,Cleos-Frey,6,2
250,Cersei-Lannister,Dunsen,3,2
251,Cersei-Lannister,Eddard-Stark,13,2
252,Cersei-Lannister,Gregor-Clegane,4,2
253,Cersei-Lannister,Gyles-Rosby,6,2
254,Cersei-Lannister,Ilyn-Payne,12,2
255,Cersei-Lannister,Jacelyn-Bywater,4,2
256,Cersei-Lannister,Jaime-Lannister,17,2
257,Cersei-Lannister,Janos-Slynt,9,2
258,Cersei-Lannister,Joffrey-Baratheon,63,2
259,Cersei-Lannister,Lancel-Lannister,20,2
260,Cersei-Lannister,Lysa-Arryn,5,2
261,Cersei-Lannister,Meryn-Trant,11,2
262,Cersei-Lannister,Myrcella-Baratheon,4,2
263,Cersei-Lannister,Osfryd-Kettleblack,7,2
264,Cersei-Lannister,Osmund-Kettleblack,4,2
265,Cersei-Lannister,Osney-Kettleblack,3,2
266,Cersei-Lannister,Petyr-Baelish,7,2
267,Cersei-Lannister,Polliver,3,2
268,Cersei-Lannister,Preston-Greenfield,3,2
269,Cersei-Lannister,Pycelle,6,2
270,Cersei-Lannister,Rafford,3,2
271,Cersei-Lannister,Renly-Baratheon,7,2
272,Cersei-Lannister,Robb-Stark,15,2
273,Cersei-Lannister,Robert-Baratheon,12,2
274,Cersei-Lannister,Sandor-Clegane,9,2
275,Cersei-Lannister,Sansa-Stark,39,2
276,Cersei-Lannister,Shae,5,2
277,Cersei-Lannister,Stannis-Baratheon,23,2
278,Cersei-Lannister,Tanda-Stokeworth,3,2
279,Cersei-Lannister,Tickler,5,2
280,Cersei-Lannister,Tommen-Baratheon,10,2
281,Cersei-Lannister,Tyrion-Lannister,87,2
282,Cersei-Lannister,Tywin-Lannister,10,2
283,Cersei-Lannister,Varys,23,2
284,Cersei-Lannister,Vylarr,3,2
285,Chataya,Tyrion-Lannister,6,2
286,Chayle,Mikken,4,2
287,Chella,Shae,4,2
288,Chella,Tyrion-Lannister,3,2
289,Chella,Varys,4,2
290,Chett,Jon-Snow,5,2
291,Chiswyck,Dunsen,3,2
292,Chiswyck,Gregor-Clegane,4,2
293,Chiswyck,Ilyn-Payne,3,2
294,Chiswyck,Joffrey-Baratheon,3,2
295,Chiswyck,Meryn-Trant,3,2
296,Chiswyck,Polliver,4,2
297,Chiswyck,Rafford,7,2
298,Chiswyck,Sandor-Clegane,3,2
299,Chiswyck,Tickler,5,2
300,Chiswyck,Weese,6,2
301,Cleos-Frey,Eddard-Stark,3,2
302,Cleos-Frey,Jaime-Lannister,3,2
303,Cleos-Frey,Robb-Stark,11,2
304,Cleos-Frey,Tyrion-Lannister,13,2
305,Cley-Cerwyn,Donella-Hornwood,3,2
306,Cley-Cerwyn,Rodrik-Cassel,4,2
307,Colen-of-Greenpools,Renly-Baratheon,3,2
308,Cortnay-Penrose,Davos-Seaworth,5,2
309,Cortnay-Penrose,Renly-Baratheon,3,2
310,Cortnay-Penrose,Stannis-Baratheon,18,2
311,Cortnay-Penrose,Tyrion-Lannister,3,2
312,Cortnay-Penrose,Varys,3,2
313,Craster,Dywen,7,2
314,Craster,Eddison-Tollett,3,2
315,Craster,Jeor-Mormont,19,2
316,Craster,Jon-Snow,26,2
317,Craster,Mance-Rayder,4,2
318,Craster,Samwell-Tarly,10,2
319,Craster,Thoren-Smallwood,4,2
320,Cressen,Davos-Seaworth,10,2
321,Cressen,Melisandre,7,2
322,Cressen,Patchface,8,2
323,Cressen,Pylos,17,2
324,Cressen,Renly-Baratheon,4,2
325,Cressen,Robert-Baratheon,4,2
326,Cressen,Selyse-Florent,3,2
327,Cressen,Shireen-Baratheon,6,2
328,Cressen,Stannis-Baratheon,21,2
329,Cutjack,Gendry,3,2
330,Cutjack,Kurz,4,2
331,Cutjack,Tarber,3,2
332,Daenerys-Targaryen,Doreah,3,2
333,Daenerys-Targaryen,Drogo,8,2
334,Daenerys-Targaryen,Irri,6,2
335,Daenerys-Targaryen,Jhiqui,7,2
336,Daenerys-Targaryen,Jhogo,12,2
337,Daenerys-Targaryen,Jorah-Mormont,29,2
338,Daenerys-Targaryen,Lynesse-Hightower,3,2
339,Daenerys-Targaryen,Mirri-Maz-Duur,3,2
340,Daenerys-Targaryen,Pono,4,2
341,Daenerys-Targaryen,Pyat-Pree,14,2
342,Daenerys-Targaryen,Quaithe,5,2
343,Daenerys-Targaryen,Rakharo,4,2
344,Daenerys-Targaryen,Robert-Baratheon,4,2
345,Daenerys-Targaryen,Viserys-Targaryen,3,2
346,Daenerys-Targaryen,Xaro-Xhoan-Daxos,13,2
347,Dagmer,Rodrik-Cassel,3,2
348,Dagmer,Theon-Greyjoy,7,2
349,Dalbridge,Ebben,4,2
350,Dalbridge,Jon-Snow,4,2
351,Dalbridge,Qhorin-Halfhand,5,2
352,Davos-Seaworth,Devan-Seaworth,4,2
353,Davos-Seaworth,Imry-Florent,3,2
354,Davos-Seaworth,Matthos-Seaworth,3,2
355,Davos-Seaworth,Melisandre,20,2
356,Davos-Seaworth,Monford-Velaryon,3,2
357,Davos-Seaworth,Pylos,9,2
358,Davos-Seaworth,Renly-Baratheon,6,2
359,Davos-Seaworth,Salladhor-Saan,8,2
360,Davos-Seaworth,Stannis-Baratheon,58,2
361,Desmond-Grell,Edmure-Tully,4,2
362,Desmond-Grell,Utherydes-Wayn,3,2
363,Devan-Seaworth,Renly-Baratheon,3,2
364,Devan-Seaworth,Stannis-Baratheon,13,2
365,Dolf,Shagga,3,2
366,Donella-Hornwood,Leobald-Tallhart,3,2
367,Donella-Hornwood,Luwin,7,2
368,Donella-Hornwood,Mors-Umber,3,2
369,Donella-Hornwood,Ramsay-Snow,3,2
370,Donella-Hornwood,Rodrik-Cassel,4,2
371,Dontos-Hollard,Joffrey-Baratheon,8,2
372,Dontos-Hollard,Moon-Boy,5,2
373,Dontos-Hollard,Sansa-Stark,17,2
374,Dontos-Hollard,Stannis-Baratheon,3,2
375,Dontos-Hollard,Tyrion-Lannister,4,2
376,Doran-Martell,Myrcella-Baratheon,4,2
377,Doran-Martell,Tyrion-Lannister,3,2
378,Doran-Martell,Varys,4,2
379,Drennan,Squint,3,2
380,Drennan,Theon-Greyjoy,3,2
381,Drogo,Jorah-Mormont,4,2
382,Drogo,Pono,4,2
383,Drogo,Viserys-Targaryen,3,2
384,Dunsen,Gregor-Clegane,4,2
385,Dunsen,Ilyn-Payne,3,2
386,Dunsen,Joffrey-Baratheon,3,2
387,Dunsen,Meryn-Trant,3,2
388,Dunsen,Polliver,7,2
389,Dunsen,Rafford,6,2
390,Dunsen,Sandor-Clegane,3,2
391,Dunsen,Tickler,3,2
392,Dunsen,Weese,3,2
393,Dywen,Grenn,8,2
394,Dywen,Jon-Snow,9,2
395,Ebben,Jon-Snow,10,2
396,Ebben,Qhorin-Halfhand,8,2
397,Ebben,Stonesnake,4,2
398,Eddard-Stark,Ilyn-Payne,5,2
399,Eddard-Stark,Janos-Slynt,7,2
400,Eddard-Stark,Joffrey-Baratheon,9,2
401,Eddard-Stark,Jon-Snow,9,2
402,Eddard-Stark,Luwin,3,2
403,Eddard-Stark,Maron-Greyjoy,3,2
404,Eddard-Stark,Petyr-Baelish,4,2
405,Eddard-Stark,Renly-Baratheon,5,2
406,Eddard-Stark,Rickon-Stark,3,2
407,Eddard-Stark,Robb-Stark,11,2
408,Eddard-Stark,Robert-Baratheon,26,2
409,Eddard-Stark,Stannis-Baratheon,5,2
410,Eddard-Stark,Theon-Greyjoy,17,2
411,Eddard-Stark,Tyrion-Lannister,12,2
412,Eddard-Stark,Varys,3,2
413,Eddison-Tollett,Jeor-Mormont,4,2
414,Eddison-Tollett,Jon-Snow,11,2
415,Edmure-Tully,Hoster-Tully,3,2
416,Edmure-Tully,Jaime-Lannister,3,2
417,Edmure-Tully,Robb-Stark,12,2
418,Edmure-Tully,Tywin-Lannister,8,2
419,Eldon-Estermont,Steffon-Varner,3,2
420,Emmon-Cuy,Renly-Baratheon,3,2
421,Emmon-Cuy,Robar-Royce,3,2
422,Euron-Greyjoy,Theon-Greyjoy,4,2
423,Farlen,Theon-Greyjoy,6,2
424,Florian-the-Fool,Jonquil,8,2
425,Florian-the-Fool,Sansa-Stark,3,2
426,Gariss,Murch,5,2
427,Garlan-Tyrell,Joffrey-Baratheon,4,2
428,Garlan-Tyrell,Loras-Tyrell,3,2
429,Gendry,Hot-Pie,23,2
430,Gendry,Jaqen-Hghar,4,2
431,Gendry,Lommy-Greenhands,17,2
432,Gendry,Woth,3,2
433,Gendry,Yoren,8,2
434,Gregor-Clegane,Ilyn-Payne,3,2
435,Gregor-Clegane,Joffrey-Baratheon,3,2
436,Gregor-Clegane,Meryn-Trant,4,2
437,Gregor-Clegane,Polliver,5,2
438,Gregor-Clegane,Rafford,6,2
439,Gregor-Clegane,Sandor-Clegane,5,2
440,Gregor-Clegane,Tickler,5,2
441,Gregor-Clegane,Tywin-Lannister,4,2
442,Gregor-Clegane,Weese,5,2
443,Grenn,Jeor-Mormont,3,2
444,Grenn,Samwell-Tarly,6,2
445,Guyard-Morrigen,Renly-Baratheon,7,2
446,Gyles-Rosby,Jacelyn-Bywater,4,2
447,Gyles-Rosby,Joffrey-Baratheon,4,2
448,Gyles-Rosby,Lollys-Stokeworth,5,2
449,Gyles-Rosby,Sansa-Stark,3,2
450,Gyles-Rosby,Tanda-Stokeworth,5,2
451,Gyles-Rosby,Tommen-Baratheon,4,2
452,Gyles-Rosby,Tyrion-Lannister,3,2
453,Gynir,Wex-Pyke,4,2
454,Hake,Jon-Snow,4,2
455,Hallis-Mollen,Wendel-Manderly,3,2
456,Hallyne,Joffrey-Baratheon,3,2
457,Hallyne,Tyrion-Lannister,5,2
458,Halys-Hornwood,Rodrik-Cassel,3,2
459,Harren-Hoare,Nan,5,2
460,High-Septon-(fat_one),Tyrion-Lannister,4,2
461,High-Septon-(Tyrions),Tyrion-Lannister,4,2
462,Hobber-Redwyne,Horas-Redwyne,7,2
463,Hodor,Jojen-Reed,3,2
464,Hodor,Luwin,17,2
465,Hodor,Meera-Reed,10,2
466,Hodor,Osha,16,2
467,Hodor,Rickon-Stark,11,2
468,Hodor,Rodrik-Cassel,3,2
469,Hodor,Wyman-Manderly,3,2
470,Horas-Redwyne,Joffrey-Baratheon,3,2
471,Hoster-Tully,Vyman,3,2
472,Hot-Pie,Lommy-Greenhands,28,2
473,Hot-Pie,Mebble,4,2
474,Hot-Pie,Weasel,4,2
475,Hot-Pie,Woth,5,2
476,Hot-Pie,Yoren,8,2
477,Ilyn-Payne,Joffrey-Baratheon,13,2
478,Ilyn-Payne,Meryn-Trant,8,2
479,Ilyn-Payne,Polliver,3,2
480,Ilyn-Payne,Rafford,3,2
481,Ilyn-Payne,Sandor-Clegane,8,2
482,Ilyn-Payne,Sansa-Stark,9,2
483,Ilyn-Payne,Tickler,5,2
484,Irri,Jhiqui,3,2
485,Jacelyn-Bywater,Janos-Slynt,4,2
486,Jacelyn-Bywater,Joffrey-Baratheon,7,2
487,Jacelyn-Bywater,Lancel-Lannister,3,2
488,Jacelyn-Bywater,Tommen-Baratheon,6,2
489,Jacelyn-Bywater,Tyrion-Lannister,16,2
490,Jacelyn-Bywater,Varys,4,2
491,Jaime-Lannister,Joffrey-Baratheon,12,2
492,Jaime-Lannister,Jon-Snow,3,2
493,Jaime-Lannister,Mandon-Moore,4,2
494,Jaime-Lannister,Petyr-Baelish,4,2
495,Jaime-Lannister,Renly-Baratheon,9,2
496,Jaime-Lannister,Robb-Stark,11,2
497,Jaime-Lannister,Robert-Baratheon,11,2
498,Jaime-Lannister,Sansa-Stark,5,2
499,Jaime-Lannister,Stafford-Lannister,3,2
500,Jaime-Lannister,Stannis-Baratheon,6,2
501,Jaime-Lannister,Theon-Greyjoy,4,2
502,Jaime-Lannister,Tyrion-Lannister,25,2
503,Jaime-Lannister,Tysha,3,2
504,Jaime-Lannister,Tywin-Lannister,5,2
505,Janos-Slynt,Joffrey-Baratheon,10,2
506,Janos-Slynt,Petyr-Baelish,5,2
507,Janos-Slynt,Tyrion-Lannister,26,2
508,Janos-Slynt,Varys,7,2
509,Jaqen-Hghar,Rorge,16,2
510,Jaqen-Hghar,Weese,4,2
511,Jaqen-Hghar,Yoren,3,2
512,Jaremy-Rykker,Jeor-Mormont,3,2
513,Jaremy-Rykker,Thoren-Smallwood,3,2
514,Jarman-Buckwell,Jeor-Mormont,4,2
515,Jarman-Buckwell,Jon-Snow,4,2
516,Jarman-Buckwell,Thoren-Smallwood,6,2
517,Jason-Mallister,Theon-Greyjoy,4,2
518,Jeor-Mormont,Jon-Snow,63,2
519,Jeor-Mormont,Jorah-Mormont,3,2
520,Jeor-Mormont,Mance-Rayder,4,2
521,Jeor-Mormont,Ottyn-Wythers,3,2
522,Jeor-Mormont,Qhorin-Halfhand,12,2
523,Jeor-Mormont,Samwell-Tarly,17,2
524,Jeor-Mormont,Thoren-Smallwood,11,2
525,Jhogo,Jorah-Mormont,6,2
526,Joffrey-Baratheon,Lancel-Lannister,4,2
527,Joffrey-Baratheon,Loras-Tyrell,3,2
528,Joffrey-Baratheon,Mace-Tyrell,4,2
529,Joffrey-Baratheon,Mandon-Moore,8,2
530,Joffrey-Baratheon,Margaery-Tyrell,6,2
531,Joffrey-Baratheon,Meryn-Trant,19,2
532,Joffrey-Baratheon,Myrcella-Baratheon,13,2
533,Joffrey-Baratheon,Osmund-Kettleblack,9,2
534,Joffrey-Baratheon,Petyr-Baelish,20,2
535,Joffrey-Baratheon,Polliver,3,2
536,Joffrey-Baratheon,Pycelle,6,2
537,Joffrey-Baratheon,Rafford,3,2
538,Joffrey-Baratheon,Renly-Baratheon,11,2
539,Joffrey-Baratheon,Robb-Stark,16,2
540,Joffrey-Baratheon,Robert-Baratheon,20,2
541,Joffrey-Baratheon,Sandor-Clegane,27,2
542,Joffrey-Baratheon,Sansa-Stark,76,2
543,Joffrey-Baratheon,Stannis-Baratheon,21,2
544,Joffrey-Baratheon,Tickler,4,2
545,Joffrey-Baratheon,Tommen-Baratheon,23,2
546,Joffrey-Baratheon,Tyrion-Lannister,92,2
547,Joffrey-Baratheon,Tywin-Lannister,11,2
548,Joffrey-Baratheon,Varys,24,2
549,Joffrey-Baratheon,Yoren,3,2
550,Jojen-Reed,Luwin,7,2
551,Jojen-Reed,Meera-Reed,18,2
552,Jojen-Reed,Osha,4,2
553,Jojen-Reed,Rickon-Stark,5,2
554,Jon-Fossoway,Mathis-Rowan,3,2
555,Jon-Snow,Lark,4,2
556,Jon-Snow,Mance-Rayder,4,2
557,Jon-Snow,Nan,4,2
558,Jon-Snow,Ottyn-Wythers,3,2
559,Jon-Snow,Qhorin-Halfhand,47,2
560,Jon-Snow,Rattleshirt,7,2
561,Jon-Snow,Rickon-Stark,5,2
562,Jon-Snow,Robb-Stark,13,2
563,Jon-Snow,Robert-Baratheon,6,2
564,Jon-Snow,Samwell-Tarly,52,2
565,Jon-Snow,Stonesnake,13,2
566,Jon-Snow,Thoren-Smallwood,4,2
567,Jon-Snow,Ygritte,12,2
568,Jon-Umber-(Greatjon),Robb-Stark,8,2
569,Jorah-Mormont,Pono,3,2
570,Jorah-Mormont,Rakharo,3,2
571,Jorah-Mormont,Rhaegar-Targaryen,4,2
572,Jorah-Mormont,Robert-Baratheon,7,2
573,Koss,Yoren,5,2
574,Kyra,Theon-Greyjoy,4,2
575,Lancel-Lannister,Robert-Baratheon,4,2
576,Lancel-Lannister,Sansa-Stark,3,2
577,Lancel-Lannister,Tyrion-Lannister,18,2
578,Lancel-Lannister,Varys,3,2
579,Leobald-Tallhart,Rodrik-Cassel,5,2
580,Lollys-Stokeworth,Tanda-Stokeworth,7,2
581,Lommy-Greenhands,Weasel,7,2
582,Lommy-Greenhands,Woth,3,2
583,Lommy-Greenhands,Yoren,13,2
584,Loras-Tyrell,Mace-Tyrell,6,2
585,Loras-Tyrell,Renly-Baratheon,14,2
586,Loras-Tyrell,Robert-Baratheon,3,2
587,Loras-Tyrell,Stannis-Baratheon,4,2
588,Loras-Tyrell,Tyrion-Lannister,8,2
589,Lorent-Caswell,Renly-Baratheon,3,2
590,Lorren,Squint,3,2
591,Lorren,Theon-Greyjoy,7,2
592,Lorren,Urzen,3,2
593,Lorren,Wex-Pyke,4,2
594,Luwin,Meera-Reed,4,2
595,Luwin,Osha,12,2
596,Luwin,Rickon-Stark,12,2
597,Luwin,Robb-Stark,6,2
598,Luwin,Rodrik-Cassel,18,2
599,Luwin,Theon-Greyjoy,17,2
600,Luwin,Walder-Frey-(son-of-Merrett),4,2
601,Lysa-Arryn,Tyrion-Lannister,5,2
602,Mace-Tyrell,Paxter-Redwyne,3,2
603,Mace-Tyrell,Randyll-Tarly,3,2
604,Mace-Tyrell,Renly-Baratheon,4,2
605,Mace-Tyrell,Stannis-Baratheon,3,2
606,Mance-Rayder,Qhorin-Halfhand,4,2
607,Mance-Rayder,Thoren-Smallwood,3,2
608,Mandon-Moore,Sandor-Clegane,5,2
609,Mandon-Moore,Sansa-Stark,3,2
610,Mandon-Moore,Tyrion-Lannister,16,2
611,Margaery-Tyrell,Renly-Baratheon,13,2
612,Margaery-Tyrell,Sansa-Stark,4,2
613,Margaery-Tyrell,Varys,3,2
614,Martyn-Rivers,Robb-Stark,3,2
615,Mathis-Rowan,Randyll-Tarly,4,2
616,Mathis-Rowan,Renly-Baratheon,8,2
617,Mathis-Rowan,Stannis-Baratheon,3,2
618,Meera-Reed,Osha,6,2
619,Meera-Reed,Rickon-Stark,6,2
620,Melisandre,Renly-Baratheon,4,2
621,Melisandre,Selyse-Florent,6,2
622,Melisandre,Stannis-Baratheon,14,2
623,Meryn-Trant,Osmund-Kettleblack,8,2
624,Meryn-Trant,Polliver,3,2
625,Meryn-Trant,Rafford,3,2
626,Meryn-Trant,Sandor-Clegane,10,2
627,Meryn-Trant,Tickler,5,2
628,Meryn-Trant,Tyrion-Lannister,7,2
629,Mikken,Osha,3,2
630,Mikken,Theon-Greyjoy,4,2
631,Monford-Velaryon,Stannis-Baratheon,3,2
632,Myrcella-Baratheon,Robb-Stark,3,2
633,Myrcella-Baratheon,Robert-Arryn,4,2
634,Myrcella-Baratheon,Sandor-Clegane,4,2
635,Myrcella-Baratheon,Sansa-Stark,6,2
636,Myrcella-Baratheon,Tommen-Baratheon,12,2
637,Myrcella-Baratheon,Trystane-Martell,4,2
638,Myrcella-Baratheon,Tyrion-Lannister,8,2
639,Olyvar-Frey,Robb-Stark,4,2
640,Osha,Rickon-Stark,8,2
641,Osha,Robb-Stark,3,2
642,Osha,Theon-Greyjoy,4,2
643,Osmund-Kettleblack,Osney-Kettleblack,4,2
644,Osmund-Kettleblack,Sansa-Stark,4,2
645,Osmund-Kettleblack,Tyrion-Lannister,7,2
646,Ottyn-Wythers,Samwell-Tarly,3,2
647,Palla,Theon-Greyjoy,3,2
648,Patchface,Stannis-Baratheon,6,2
649,Perwyn-Frey,Robb-Stark,3,2
650,Perwyn-Frey,Wendel-Manderly,3,2
651,Petyr-Baelish,Podrick-Payne,4,2
652,Petyr-Baelish,Pycelle,8,2
653,Petyr-Baelish,Renly-Baratheon,5,2
654,Petyr-Baelish,Sansa-Stark,4,2
655,Petyr-Baelish,Stannis-Baratheon,8,2
656,Petyr-Baelish,Tyrion-Lannister,41,2
657,Petyr-Baelish,Varys,27,2
658,Podrick-Payne,Tyrion-Lannister,13,2
659,Polliver,Rafford,7,2
660,Polliver,Sandor-Clegane,3,2
661,Polliver,Tickler,3,2
662,Polliver,Weese,3,2
663,Preston-Greenfield,Tyrion-Lannister,3,2
664,Pyat-Pree,Xaro-Xhoan-Daxos,10,2
665,Pycelle,Robert-Baratheon,3,2
666,Pycelle,Shagga,4,2
667,Pycelle,Stannis-Baratheon,3,2
668,Pycelle,Tyrion-Lannister,21,2
669,Pycelle,Varys,9,2
670,Pylos,Shireen-Baratheon,5,2
671,Pylos,Stannis-Baratheon,11,2
672,Qhorin-Halfhand,Rattleshirt,3,2
673,Qhorin-Halfhand,Stonesnake,6,2
674,Qhorin-Halfhand,Thoren-Smallwood,3,2
675,Qyburn,Roose-Bolton,3,2
676,Rafford,Sandor-Clegane,3,2
677,Rafford,Tickler,4,2
678,Ramsay-Snow,Reek,4,2
679,Ramsay-Snow,Robb-Stark,3,2
680,Ramsay-Snow,Rodrik-Cassel,5,2
681,Ramsay-Snow,Roose-Bolton,5,2
682,Randyll-Tarly,Renly-Baratheon,6,2
683,Randyll-Tarly,Stannis-Baratheon,3,2
684,Rattleshirt,Ygritte,4,2
685,Ramsay-Snow,Theon-Greyjoy,14,2
686,Renly-Baratheon,Robb-Stark,22,2
687,Renly-Baratheon,Robert-Baratheon,29,2
688,Renly-Baratheon,Sansa-Stark,4,2
689,Renly-Baratheon,Stannis-Baratheon,70,2
690,Renly-Baratheon,Steffon-Baratheon,3,2
691,Renly-Baratheon,Tyrion-Lannister,14,2
692,Renly-Baratheon,Tywin-Lannister,3,2
693,Renly-Baratheon,Varys,5,2
694,Rhaegar-Targaryen,Robert-Baratheon,5,2
695,Rhaegar-Targaryen,Viserys-Targaryen,3,2
696,Rhaenys-Targaryen,Visenya-Targaryen,3,2
697,Rickard-Karstark,Robb-Stark,3,2
698,Rickon-Stark,Robb-Stark,12,2
699,Rickon-Stark,Rodrik-Cassel,3,2
700,Rickon-Stark,Sansa-Stark,5,2
701,Rickon-Stark,Theon-Greyjoy,8,2
702,Rickon-Stark,Walder-Frey-(son-of-Merrett),5,2
703,Robb-Stark,Robert-Baratheon,3,2
704,Robb-Stark,Rodrik-Cassel,9,2
705,Robb-Stark,Roose-Bolton,7,2
706,Robb-Stark,Sansa-Stark,11,2
707,Robb-Stark,Stafford-Lannister,5,2
708,Robb-Stark,Stannis-Baratheon,12,2
709,Robb-Stark,Theon-Greyjoy,21,2
710,Robb-Stark,Tyrion-Lannister,18,2
711,Robb-Stark,Tywin-Lannister,6,2
712,Robb-Stark,Varys,3,2
713,Robb-Stark,Walder-Frey,6,2
714,Robb-Stark,Wyman-Manderly,3,2
715,Robert-Baratheon,Sansa-Stark,6,2
716,Robert-Baratheon,Stannis-Baratheon,25,2
717,Robert-Baratheon,Tyrion-Lannister,10,2
718,Robert-Baratheon,Tywin-Lannister,4,2
719,Robert-Baratheon,Varys,4,2
720,Robett-Glover,Rorge,3,2
721,Robett-Glover,Vargo-Hoat,3,2
722,Rodrik-Cassel,Roose-Bolton,4,2
723,Rodrik-Cassel,Theon-Greyjoy,12,2
724,Rodrik-Cassel,Walder-Frey-(son-of-Merrett),3,2
725,Rodrik-Cassel,Wyman-Manderly,6,2
726,Roose-Bolton,Tywin-Lannister,5,2
727,Roose-Bolton,Vargo-Hoat,6,2
728,Roose-Bolton,Walder-Frey,3,2
729,Rorge,Vargo-Hoat,3,2
730,Rorge,Yoren,4,2
731,Salladhor-Saan,Stannis-Baratheon,6,2
732,Sandor-Clegane,Sansa-Stark,19,2
733,Sandor-Clegane,Tickler,5,2
734,Sandor-Clegane,Tommen-Baratheon,5,2
735,Sandor-Clegane,Tyrion-Lannister,13,2
736,Sansa-Stark,Stannis-Baratheon,8,2
737,Sansa-Stark,Tanda-Stokeworth,4,2
738,Sansa-Stark,Tommen-Baratheon,10,2
739,Sansa-Stark,Tyrion-Lannister,31,2
740,Selyse-Florent,Stannis-Baratheon,15,2
741,Shadd,Wendel-Manderly,3,2
742,Shae,Stannis-Baratheon,3,2
743,Shae,Tyrion-Lannister,30,2
744,Shae,Tysha,3,2
745,Shae,Varys,16,2
746,Shagga,Timett,4,2
747,Shagga,Tyrion-Lannister,15,2
748,Squint,Theon-Greyjoy,3,2
749,Stannis-Baratheon,Steffon-Baratheon,3,2
750,Stannis-Baratheon,Tyrion-Lannister,39,2
751,Stannis-Baratheon,Tywin-Lannister,4,2
752,Stannis-Baratheon,Varys,5,2
753,Stonesnake,Ygritte,3,2
754,Stygg,Theon-Greyjoy,4,2
755,Stygg,Werlag,3,2
756,Syrio-Forel,Yoren,3,2
757,Tanda-Stokeworth,Tyrion-Lannister,4,2
758,Theon-Greyjoy,Urzen,3,2
759,Theon-Greyjoy,Victarion-Greyjoy,3,2
760,Theon-Greyjoy,Werlag,3,2
761,Theon-Greyjoy,Wex-Pyke,14,2
762,Timett,Tyrion-Lannister,10,2
763,Timett,Varys,3,2
764,Tommen-Baratheon,Tyrion-Lannister,10,2
765,Tyrion-Lannister,Tysha,4,2
766,Tyrion-Lannister,Tywin-Lannister,6,2
767,Tyrion-Lannister,Varys,63,2
768,Tyrion-Lannister,Vylarr,6,2
769,Tywin-Lannister,Vargo-Hoat,4,2
770,Tywin-Lannister,Weese,7,2
771,Walder-Frey-(son-of-Jammos),Walder-Frey-(son-of-Merrett),5,2
772,Walder-Frey-(son-of-Merrett),Wex-Pyke,4,2
773,Weasel,Weese,6,2
774,Woth,Yoren,4,2
775,Palla,Ramsay-Snow,3,2
